last_name, first_name,player_id,year,pa,bip,ba,est_ba,est_ba_minus_ba_diff,slg,est_slg,est_slg_minus_slg_diff,woba,est_woba,est_woba_minus_woba_diff
Semien, Marcus,543760,2019,306,223,.272,.251,.021,.433,.398,.035,.345,.326,.019
Betts, Mookie,605141,2019,301,210,.267,.267,.000,.450,.485,-.035,.359,.375,-.016
Merrifield, Whit,593160,2019,291,216,.294,.286,.008,.480,.439,.041,.350,.335,.015
Santana, Domingo,570267,2019,289,176,.273,.281,-.008,.485,.536,-.051,.354,.376,-.022
Bregman, Alex,608324,2019,288,203,.272,.283,-.011,.545,.477,.068,.396,.385,.011
Freeman, Freddie,518692,2019,287,202,.312,.313,-.001,.592,.623,-.031,.420,.432,-.012
Acuna Jr., Ronald,660670,2019,287,183,.279,.293,-.014,.482,.559,-.077,.364,.396,-.032
Chapman, Matt,656305,2019,285,198,.260,.262,-.002,.516,.505,.011,.366,.367,-.001
Story, Trevor,596115,2019,285,180,.289,.265,.024,.543,.461,.082,.383,.344,.039
Albies, Ozzie,645277,2019,285,213,.266,.286,-.020,.410,.448,-.038,.320,.344,-.024
Marte, Ketel,606466,2019,284,216,.268,.282,-.014,.513,.497,.016,.351,.352,-.001
Escobar, Eduardo,500871,2019,284,197,.289,.233,.056,.563,.425,.138,.383,.314,.069
Harper, Bryce,547180,2019,284,161,.251,.267,-.016,.469,.490,-.021,.351,.366,-.015
Haniger, Mitch,571745,2019,283,167,.220,.219,.001,.463,.433,.030,.333,.324,.009
Cain, Lorenzo,456715,2019,283,214,.254,.275,-.021,.371,.387,-.016,.301,.321,-.020
Hoskins, Rhys,656555,2019,281,164,.263,.234,.029,.504,.419,.085,.380,.348,.032
Bogaerts, Xander,593428,2019,281,193,.291,.274,.017,.516,.468,.048,.380,.363,.017
Mondesi, Adalberto,609275,2019,281,190,.273,.243,.030,.462,.398,.064,.324,.303,.021
Arenado, Nolan,571448,2019,281,227,.331,.286,.045,.598,.476,.122,.406,.347,.059
Eaton, Adam,594809,2019,279,198,.263,.263,.000,.387,.389,-.002,.325,.328,-.003
Encarnacion, Edwin,429665,2019,278,183,.245,.252,-.007,.532,.529,.003,.377,.385,-.008
Trout, Mike,545361,2019,277,162,.296,.322,-.026,.626,.664,-.038,.451,.479,-.028
Voit, Luke,572228,2019,277,165,.263,.253,.010,.500,.534,-.034,.378,.386,-.008
Abreu, Jose,547989,2019,275,188,.250,.264,-.014,.504,.540,-.036,.335,.367,-.032
Piscotty, Stephen,572039,2019,275,193,.258,.249,.009,.411,.430,-.019,.318,.324,-.006
Devers, Rafael,646240,2019,275,204,.301,.300,.001,.486,.504,-.018,.361,.371,-.010
Polanco, Jorge,593871,2019,275,208,.333,.302,.031,.569,.520,.049,.405,.377,.028
Villar, Jonathan,542340,2019,274,189,.253,.231,.022,.402,.343,.059,.311,.281,.030
Bryant, Kris,592178,2019,274,180,.273,.271,.002,.532,.507,.025,.390,.384,.006
Bell, Josh,605137,2019,273,188,.325,.304,.021,.667,.596,.071,.434,.403,.031
Benintendi, Andrew,643217,2019,273,173,.266,.248,.018,.416,.447,-.031,.338,.343,-.005
Goldschmidt, Paul,502671,2019,273,170,.272,.260,.012,.444,.477,-.033,.350,.357,-.007
Santana, Carlos,467793,2019,273,184,.285,.272,.013,.509,.483,.026,.387,.375,.012
Bellinger, Cody,641355,2019,272,192,.355,.378,-.023,.693,.710,-.017,.465,.487,-.022
Moncada, Yoan,660162,2019,271,174,.294,.292,.002,.508,.532,-.024,.366,.375,-.009
Ramirez, Jose,608070,2019,271,198,.203,.242,-.039,.301,.393,-.092,.267,.318,-.051
Baez, Javier,595879,2019,271,171,.299,.278,.021,.575,.536,.039,.383,.360,.023
Swanson, Dansby,621020,2019,271,197,.257,.282,-.025,.478,.516,-.038,.331,.361,-.030
DeJong, Paul,657557,2019,270,184,.270,.272,-.002,.481,.483,-.002,.366,.369,-.003
Brantley, Michael,488726,2019,270,223,.317,.288,.029,.512,.453,.059,.378,.347,.031
Machado, Manny,592518,2019,269,180,.242,.254,-.012,.403,.427,-.024,.317,.334,-.017
Rizzo, Anthony,519203,2019,269,188,.276,.310,-.034,.542,.557,-.015,.397,.418,-.021
Mancini, Trey,641820,2019,269,191,.299,.287,.012,.537,.517,.020,.376,.365,.011
Anderson, Brian,605119,2019,269,178,.241,.265,-.024,.380,.449,-.069,.309,.348,-.039
Hosmer, Eric,543333,2019,268,196,.281,.265,.016,.446,.417,.029,.333,.318,.015
Castro, Starlin,516770,2019,267,214,.233,.255,-.022,.313,.371,-.058,.253,.294,-.041
Soler, Jorge,624585,2019,266,168,.241,.243,-.002,.510,.507,.003,.339,.342,-.003
Grichuk, Randal,545341,2019,266,173,.224,.202,.022,.416,.371,.045,.301,.276,.025
Suarez, Eugenio,553993,2019,266,175,.265,.244,.021,.500,.441,.059,.355,.334,.021
Castellanos, Nicholas,592206,2019,265,183,.262,.259,.003,.443,.471,-.028,.323,.337,-.014
Gordon, Alex,460086,2019,265,191,.279,.256,.023,.489,.447,.042,.361,.348,.013
Alonso, Pete,624413,2019,264,164,.258,.262,-.004,.597,.542,.055,.390,.380,.010
Hernandez, Cesar,514917,2019,262,206,.274,.276,-.002,.439,.398,.041,.333,.323,.010
McCutchen, Andrew,457705,2019,262,164,.256,.250,.006,.457,.427,.030,.365,.354,.011
Rosario, Eddie,592696,2019,261,210,.272,.271,.001,.545,.537,.008,.358,.358,.000
Markakis, Nick,455976,2019,261,198,.265,.293,-.028,.404,.405,-.001,.332,.351,-.019
Seager, Corey,608369,2019,261,181,.271,.234,.037,.463,.407,.056,.349,.317,.032
Rosario, Amed,642708,2019,261,184,.249,.275,-.026,.420,.414,.006,.305,.316,-.011
Choo, Shin-Soo,425783,2019,261,159,.289,.271,.018,.522,.483,.039,.386,.366,.020
Pham, Tommy,502054,2019,260,170,.286,.289,-.003,.456,.471,-.015,.373,.381,-.008
LeMahieu, DJ,518934,2019,260,205,.321,.293,.028,.468,.461,.007,.360,.349,.011
Carpenter, Matt,572761,2019,259,159,.225,.227,-.002,.392,.421,-.029,.320,.330,-.010
Yelich, Christian,592885,2019,258,172,.340,.315,.025,.745,.639,.106,.478,.437,.041
Gurriel, Yuli,493329,2019,258,220,.253,.271,-.018,.382,.365,.017,.285,.295,-.010
Ozuna, Marcell,542303,2019,258,177,.259,.285,-.026,.530,.574,-.044,.362,.389,-.027
Ahmed, Nick,605113,2019,258,187,.268,.250,.018,.407,.362,.045,.314,.295,.019
Calhoun, Kole,594777,2019,256,169,.239,.259,-.020,.482,.506,-.024,.343,.362,-.019
Moustakas, Mike,519058,2019,255,185,.275,.272,.003,.592,.532,.060,.391,.370,.021
Laureano, Ramon,657656,2019,255,170,.264,.262,.002,.421,.422,-.001,.315,.320,-.005
Donaldson, Josh,518626,2019,254,144,.237,.244,-.007,.419,.443,-.024,.341,.353,-.012
Muncy, Max,571970,2019,253,155,.278,.269,.009,.514,.481,.033,.377,.365,.012
Mazara, Nomar,608577,2019,252,187,.268,.280,-.012,.450,.486,-.036,.330,.350,-.020
Torres, Gleyber,650402,2019,252,175,.274,.250,.024,.513,.464,.049,.351,.326,.025
Walker, Christian,572233,2019,252,154,.256,.263,-.007,.485,.525,-.040,.346,.365,-.019
Kepler, Max,596146,2019,252,186,.264,.263,.001,.536,.464,.072,.370,.349,.021
Votto, Joey,458015,2019,251,164,.256,.236,.020,.379,.398,-.019,.319,.318,.001
Frazier, Adam,624428,2019,251,200,.253,.282,-.029,.367,.401,-.034,.296,.324,-.028
Jones, Adam,430945,2019,247,191,.276,.275,.001,.500,.502,-.002,.348,.351,-.003
Robles, Victor,645302,2019,247,159,.235,.215,.020,.419,.362,.057,.315,.287,.028
Pillar, Kevin,607680,2019,247,197,.215,.230,-.015,.343,.352,-.009,.249,.266,-.017
Goodrum, Niko,592348,2019,246,154,.235,.250,-.015,.396,.424,-.028,.311,.332,-.021
Realmuto, J.T.,592663,2019,246,170,.274,.299,-.025,.457,.504,-.047,.336,.374,-.038
Arcia, Orlando,606115,2019,246,174,.257,.234,.023,.419,.369,.050,.319,.293,.026
Martinez, J.D.,502110,2019,245,179,.296,.327,-.031,.528,.638,-.110,.378,.435,-.057
Profar, Jurickson,595777,2019,245,190,.205,.234,-.029,.375,.394,-.019,.279,.300,-.021
Marte, Starling,516782,2019,245,189,.283,.293,-.010,.448,.444,.004,.333,.337,-.004
Nunez, Renato,600524,2019,245,164,.241,.245,-.004,.496,.502,-.006,.335,.339,-.004
Schwarber, Kyle,656941,2019,244,143,.239,.267,-.028,.463,.508,-.045,.342,.372,-.030
Smith Jr, Dwight,596105,2019,243,177,.249,.249,.000,.462,.412,.050,.323,.308,.015
Smoak, Justin,475253,2019,243,154,.237,.287,-.050,.449,.578,-.129,.360,.421,-.061
Heyward, Jason,518792,2019,243,169,.251,.266,-.015,.420,.380,.040,.335,.329,.006
Duggar, Steven,621453,2019,243,159,.236,.234,.002,.342,.336,.006,.271,.274,-.003
Conforto, Michael,624424,2019,242,145,.260,.261,-.001,.510,.508,.002,.383,.390,-.007
Andrus, Elvis,462101,2019,242,191,.301,.276,.025,.456,.417,.039,.342,.320,.022
Segura, Jean,516416,2019,241,194,.293,.271,.022,.455,.412,.043,.343,.322,.021
Turner, Justin,457759,2019,241,177,.312,.323,-.011,.449,.531,-.082,.370,.408,-.038
Reddick, Josh,502210,2019,240,198,.312,.292,.020,.459,.432,.027,.346,.342,.004
Fletcher, David,664058,2019,240,206,.308,.325,-.017,.434,.430,.004,.346,.354,-.008
Soto, Juan,665742,2019,240,150,.283,.268,.015,.502,.508,-.006,.381,.378,.003
Grandal, Yasmani,518735,2019,239,154,.274,.248,.026,.522,.483,.039,.382,.364,.018
Cabrera, Miguel,408234,2019,239,167,.296,.283,.013,.385,.425,-.040,.328,.341,-.013
Galvis, Freddy,520471,2019,239,171,.241,.230,.011,.412,.367,.045,.294,.273,.021
Garcia, Leury,544725,2019,238,168,.281,.249,.032,.348,.350,-.002,.293,.282,.011
Panik, Joe,605412,2019,238,188,.241,.247,-.006,.340,.379,-.039,.291,.314,-.023
Puig, Yasiel,624577,2019,238,163,.207,.242,-.035,.378,.450,-.072,.270,.312,-.042
Cron, C.J.,543068,2019,237,164,.277,.280,-.003,.540,.539,.001,.372,.378,-.006
Gardner, Brett,458731,2019,237,179,.217,.230,-.013,.415,.317,.098,.304,.279,.025
Adames, Willy,642715,2019,237,152,.242,.230,.012,.377,.372,.005,.302,.296,.006
La Stella, Tommy,600303,2019,236,195,.315,.306,.009,.549,.500,.049,.393,.373,.020
Wong, Kolten,543939,2019,236,169,.235,.227,.008,.377,.334,.043,.306,.290,.016
Garcia, Avisail,541645,2019,236,165,.300,.291,.009,.512,.533,-.021,.369,.374,-.005
Lowe, Brandon,664040,2019,234,137,.288,.248,.040,.544,.496,.048,.376,.348,.028
Martin, Leonys,547982,2019,234,142,.206,.193,.013,.349,.333,.016,.279,.269,.010
Peralta, David,444482,2019,234,164,.301,.253,.048,.514,.385,.129,.366,.301,.065
Vogelbach, Daniel,596129,2019,232,141,.247,.243,.004,.542,.495,.047,.392,.378,.014
Crawford, Brandon,543063,2019,232,154,.209,.231,-.022,.320,.378,-.058,.268,.301,-.033
Rojas, Miguel,500743,2019,231,181,.269,.260,.009,.322,.345,-.023,.287,.300,-.013
Belt, Brandon,474832,2019,231,147,.249,.250,-.001,.477,.500,-.023,.365,.380,-.015
Bauers, Jake,641343,2019,230,144,.212,.207,.005,.355,.340,.015,.291,.284,.007
Hernandez, Enrique,571771,2019,229,155,.215,.239,-.024,.395,.428,-.033,.292,.318,-.026
Franco, Maikel,596748,2019,229,179,.209,.239,-.030,.388,.426,-.038,.269,.302,-.033
Blackmon, Charlie,453568,2019,228,166,.295,.266,.029,.551,.485,.066,.383,.350,.033
Reyes, Franmil,614177,2019,227,148,.248,.277,-.029,.558,.582,-.024,.357,.386,-.029
Myers, Wil,571976,2019,227,116,.221,.228,-.007,.422,.426,-.004,.323,.328,-.005
Dozier, Brian,572821,2019,227,144,.230,.215,.015,.420,.407,.013,.321,.313,.008
Alonso, Yonder,475174,2019,226,148,.184,.229,-.045,.321,.380,-.059,.267,.312,-.045
Anderson, Tim,641313,2019,226,173,.324,.299,.025,.495,.479,.016,.366,.348,.018
Braun, Ryan,460075,2019,226,158,.273,.258,.015,.459,.463,-.004,.338,.334,.004
Pujols, Albert,405395,2019,226,176,.236,.255,-.019,.452,.467,-.015,.327,.347,-.020
Kiermaier, Kevin,595281,2019,225,160,.249,.250,-.001,.439,.396,.043,.317,.308,.009
Gonzalez, Marwin,503556,2019,224,152,.252,.261,-.009,.406,.443,-.037,.321,.339,-.018
Schoop, Jonathan,570731,2019,223,154,.246,.259,-.013,.473,.448,.025,.332,.329,.003
Cabrera, Asdrubal,452678,2019,223,152,.260,.226,.034,.464,.369,.095,.347,.304,.043
Dahl, David,621311,2019,223,146,.330,.292,.038,.537,.527,.010,.389,.371,.018
Contreras, Willson,575929,2019,222,126,.283,.241,.042,.540,.472,.068,.393,.356,.037
Longoria, Evan,446334,2019,221,153,.228,.254,-.026,.401,.455,-.054,.309,.340,-.031
Bradley Jr., Jackie,598265,2019,220,131,.196,.225,-.029,.333,.350,-.017,.282,.302,-.020
Rendon, Anthony,543685,2019,220,150,.319,.339,-.020,.638,.667,-.029,.440,.460,-.020
Iglesias, Jose,578428,2019,218,174,.291,.280,.011,.413,.371,.042,.318,.300,.018
Diaz, Yandy,650490,2019,218,155,.270,.288,-.018,.487,.515,-.028,.358,.380,-.022
Dozier, Hunter,641531,2019,216,147,.314,.285,.029,.589,.507,.082,.413,.379,.034
Winker, Jesse,608385,2019,216,158,.237,.264,-.027,.438,.450,-.012,.323,.342,-.019
Springer, George,543807,2019,216,144,.308,.313,-.005,.643,.625,.018,.428,.432,-.004
Correa, Carlos,621043,2019,214,141,.296,.300,-.004,.550,.530,.020,.383,.392,-.009
Goodwin, Brian,571718,2019,214,146,.288,.250,.038,.450,.396,.054,.342,.313,.029
Gallo, Joey,608336,2019,214,95,.276,.260,.016,.653,.667,-.014,.441,.442,-.001
Buxton, Byron,621439,2019,213,150,.270,.249,.021,.531,.427,.104,.359,.313,.046
Davis, Khris,501981,2019,213,140,.241,.246,-.005,.462,.478,-.016,.325,.332,-.007
Choi, Ji-Man,596847,2019,211,141,.283,.256,.027,.440,.413,.027,.347,.330,.017
Beckham, Tim,542921,2019,210,131,.240,.224,.016,.480,.415,.065,.328,.300,.028
Ramos, Wilson,467092,2019,210,154,.280,.268,.012,.419,.444,-.025,.334,.338,-.004
McNeil, Jeff,643446,2019,209,162,.335,.305,.030,.454,.436,.018,.377,.359,.018
Pederson, Joc,592626,2019,207,135,.254,.259,-.005,.616,.495,.121,.406,.370,.036
Desmond, Ian,435622,2019,207,129,.242,.256,-.014,.446,.461,-.015,.327,.339,-.012
Tapia, Raimel,606132,2019,206,141,.262,.238,.024,.451,.364,.087,.321,.280,.041
Lindor, Francisco,596019,2019,205,153,.298,.302,-.004,.536,.525,.011,.378,.379,-.001
O'Hearn, Ryan,656811,2019,205,127,.185,.202,-.017,.320,.348,-.028,.271,.291,-.020
Bruce, Jay,457803,2019,205,134,.231,.238,-.007,.591,.562,.029,.366,.363,.003
Meadows, Austin,640457,2019,205,139,.346,.308,.038,.626,.531,.095,.438,.389,.049
Odor, Rougned,596059,2019,204,122,.177,.207,-.030,.333,.385,-.052,.255,.288,-.033
Drury, Brandon,592273,2019,204,134,.225,.250,-.025,.393,.431,-.038,.282,.318,-.036
Lucroy, Jonathan,518960,2019,202,159,.228,.249,-.021,.370,.387,-.017,.290,.308,-.018
Fowler, Dexter,451594,2019,202,119,.243,.264,-.021,.379,.404,-.025,.333,.350,-.017
Grossman, Robbie,543257,2019,202,142,.249,.265,-.016,.390,.384,.006,.320,.331,-.011
Molina, Yadier,425877,2019,201,175,.265,.274,-.009,.397,.440,-.043,.297,.320,-.023
Narvaez, Omar,553882,2019,201,139,.275,.230,.045,.449,.398,.051,.349,.313,.036
Smith, Mallex,605480,2019,201,125,.210,.212,-.002,.315,.283,.032,.267,.263,.004
Ruiz, Rio,547004,2019,200,137,.233,.228,.005,.328,.331,-.003,.283,.284,-.001
Almora Jr., Albert,546991,2019,198,156,.253,.250,.003,.423,.376,.047,.308,.291,.017
Kipnis, Jason,543401,2019,197,148,.218,.268,-.050,.307,.392,-.085,.256,.314,-.058
Morales, Kendrys,434778,2019,196,140,.182,.270,-.088,.236,.434,-.198,.258,.366,-.108
Renfroe, Hunter,592669,2019,196,129,.243,.237,.006,.602,.492,.110,.373,.332,.041
Tellez, Rowdy,642133,2019,195,125,.222,.256,-.034,.417,.467,-.050,.297,.331,-.034
Simmons, Andrelton,592743,2019,195,173,.298,.252,.046,.415,.350,.065,.320,.276,.044
Verdugo, Alex,657077,2019,195,157,.291,.259,.032,.457,.402,.055,.342,.311,.031
Hamilton, Billy,571740,2019,194,129,.228,.247,-.019,.281,.281,.000,.267,.278,-.011
Chirinos, Robinson,455139,2019,194,112,.240,.191,.049,.506,.385,.121,.377,.323,.054
Kinsler, Ian,435079,2019,193,146,.208,.203,.005,.382,.301,.081,.283,.252,.031
Sanchez, Yolmer,570560,2019,193,128,.249,.224,.025,.302,.294,.008,.287,.277,.010
Pence, Hunter,452254,2019,193,137,.284,.293,-.009,.574,.515,.059,.382,.367,.015
Sanchez, Gary,596142,2019,192,120,.260,.280,-.020,.624,.690,-.066,.399,.431,-.032
Chavis, Michael,656308,2019,192,107,.247,.226,.021,.453,.433,.020,.340,.324,.016
Robertson, Daniel,621002,2019,191,120,.204,.206,-.002,.287,.285,.002,.271,.273,-.002
Alberto, Hanser,593643,2019,190,166,.311,.261,.050,.393,.335,.058,.312,.270,.042
Alfaro, Jorge,595751,2019,188,112,.269,.240,.029,.451,.446,.005,.333,.318,.015
Moran, Colin,592567,2019,188,126,.273,.254,.019,.477,.446,.031,.342,.323,.019
Granderson, Curtis,434158,2019,188,114,.189,.215,-.026,.360,.391,-.031,.280,.312,-.032
Peraza, Jose,606299,2019,187,145,.214,.240,-.026,.329,.329,.000,.267,.278,-.011
Healy, Ryon,592387,2019,187,133,.237,.234,.003,.456,.427,.029,.315,.316,-.001
Urshela, Gio,570482,2019,186,140,.309,.316,-.007,.448,.483,-.035,.351,.370,-.019
Vazquez, Christian,543877,2019,184,138,.276,.238,.038,.459,.388,.071,.331,.291,.040
Frazier, Clint,640449,2019,184,118,.283,.261,.022,.536,.485,.051,.366,.342,.024
Taylor, Chris,621035,2019,184,119,.218,.192,.026,.394,.304,.090,.290,.249,.041
Cabrera, Melky,466320,2019,184,150,.331,.286,.045,.459,.373,.086,.357,.306,.051
Jones, JaCoby,592444,2019,183,110,.250,.256,-.006,.457,.458,-.001,.330,.335,-.005
Cano, Robinson,429664,2019,183,136,.238,.268,-.030,.366,.432,-.066,.284,.324,-.040
Martinez, Jose,500874,2019,182,132,.291,.318,-.027,.394,.521,-.127,.328,.386,-.058
Bote, David,623520,2019,182,118,.273,.256,.017,.472,.399,.073,.354,.323,.031
Forsythe, Logan,523253,2019,182,109,.281,.258,.023,.444,.411,.033,.364,.346,.018
Stewart, Christin,621514,2019,181,119,.255,.262,-.007,.439,.473,-.034,.331,.347,-.016
Aguilar, Jesus,542583,2019,179,109,.195,.236,-.041,.309,.408,-.099,.276,.327,-.051
Candelario, Jeimer,600869,2019,177,106,.179,.193,-.014,.269,.297,-.028,.248,.264,-.016
Maldonado, Martin,455117,2019,177,118,.205,.207,-.002,.276,.328,-.052,.263,.283,-.020
Dyson, Jarrod,502481,2019,175,118,.261,.246,.015,.366,.310,.056,.318,.292,.026
Moreland, Mitch,519048,2019,174,116,.225,.250,-.025,.543,.537,.006,.360,.376,-.016
Kendrick, Howie,435062,2019,173,135,.327,.328,-.001,.596,.611,-.015,.400,.422,-.022
Gordon, Dee,543829,2019,173,140,.281,.250,.031,.369,.309,.060,.295,.267,.028
Phegley, Josh,572033,2019,170,127,.265,.272,-.007,.490,.416,.074,.337,.318,.019
Shaw, Travis,543768,2019,170,93,.170,.190,-.020,.286,.330,-.044,.256,.280,-.024
Dietrich, Derek,518618,2019,169,110,.248,.240,.008,.634,.530,.104,.408,.375,.033
Walker, Neil,435522,2019,168,114,.295,.277,.018,.443,.465,-.022,.358,.358,.000
Posey, Buster,457763,2019,168,127,.257,.262,-.005,.408,.454,-.046,.317,.340,-.023
Cruz, Nelson,443558,2019,167,99,.279,.294,-.015,.565,.615,-.050,.389,.419,-.030
Thames, Eric,519346,2019,167,81,.254,.212,.042,.471,.406,.065,.367,.332,.035
McMahon, Ryan,641857,2019,167,102,.240,.233,.007,.411,.409,.002,.328,.324,.004
Davis, J.D.,605204,2019,166,116,.260,.306,-.046,.440,.510,-.070,.335,.382,-.047
Perez, Roberto,547379,2019,165,98,.232,.251,-.019,.493,.539,-.046,.355,.382,-.027
Gamel, Ben,592325,2019,164,98,.264,.260,.004,.403,.402,.001,.326,.333,-.007
Altuve, Jose,514888,2019,164,120,.243,.249,-.006,.472,.467,.005,.345,.346,-.001
Barnhart, Tucker,571466,2019,164,100,.197,.215,-.018,.331,.323,.008,.272,.280,-.008
Jansen, Danny,643376,2019,163,107,.175,.240,-.065,.259,.371,-.112,.240,.309,-.069
Hedges, Austin,595978,2019,162,97,.189,.215,-.026,.331,.380,-.049,.259,.288,-.029
McCann, James,543510,2019,162,116,.325,.282,.043,.483,.468,.015,.367,.343,.024
Greiner, Grayson,606988,2019,162,93,.170,.170,.000,.293,.265,.028,.238,.230,.008
Pinder, Chad,640461,2019,162,119,.260,.251,.009,.427,.405,.022,.313,.306,.007
Nimmo, Brandon,607043,2019,161,84,.200,.206,-.006,.323,.307,.016,.304,.305,-.001
Hernandez, Teoscar,606192,2019,161,100,.197,.207,-.010,.333,.377,-.044,.258,.282,-.024
Prado, Martin,445988,2019,160,132,.237,.254,-.017,.303,.319,-.016,.247,.264,-.017
Sogard, Eric,519299,2019,159,119,.273,.255,.018,.453,.344,.109,.346,.303,.043
Jimenez, Eloy,650391,2019,159,101,.235,.232,.003,.430,.411,.019,.307,.299,.008
Davis, Chris,448801,2019,158,80,.161,.186,-.025,.301,.360,-.059,.239,.271,-.032
Reynolds, Bryan,668804,2019,158,110,.352,.303,.049,.552,.450,.102,.410,.353,.057
Bader, Harrison,664056,2019,156,90,.233,.240,-.007,.429,.443,-.014,.329,.339,-.010
Wolters, Tony,547172,2019,155,118,.307,.236,.071,.416,.313,.103,.327,.260,.067
Descalso, Daniel,518614,2019,154,95,.194,.203,-.009,.291,.309,-.018,.262,.276,-.014
Gomes, Yan,543228,2019,154,100,.230,.220,.010,.317,.326,-.009,.277,.277,.000
Senzel, Nick,669222,2019,154,103,.273,.261,.012,.460,.445,.015,.340,.333,.007
Parra, Gerardo,467827,2019,153,112,.225,.247,-.022,.355,.367,-.012,.281,.300,-.019
McKinney, Billy,641856,2019,153,109,.221,.228,-.007,.364,.341,.023,.276,.272,.004
Santana, Danny,542454,2019,151,99,.288,.286,.002,.475,.454,.021,.339,.338,.001
Margot, Manuel,622534,2019,150,108,.234,.225,.009,.312,.308,.004,.260,.254,.006
Polanco, Gregory,570256,2019,150,94,.250,.229,.021,.449,.398,.051,.327,.301,.026
Guerrero Jr., Vladimir,665489,2019,150,109,.248,.294,-.046,.445,.521,-.076,.328,.376,-.048
Martin, Richie,621006,2019,150,91,.182,.192,-.010,.314,.279,.035,.246,.240,.006
Rodriguez, Ronny,500135,2019,150,98,.214,.219,-.005,.457,.441,.016,.293,.301,-.008
White, Tyler,643603,2019,149,83,.220,.196,.024,.291,.303,-.012,.276,.273,.003
Murphy, Daniel,502517,2019,149,113,.250,.217,.033,.441,.330,.111,.322,.271,.051
Marisnick, Jake,545350,2019,147,89,.242,.216,.026,.470,.375,.095,.335,.292,.043
Harrison, Josh,543281,2019,146,112,.176,.234,-.058,.265,.375,-.110,.213,.282,-.069
Frazier, Todd,453943,2019,146,96,.265,.241,.024,.455,.367,.088,.342,.302,.040
Barnes, Austin,605131,2019,145,95,.220,.212,.008,.374,.317,.057,.306,.284,.022
Owings, Chris,572008,2019,145,80,.133,.173,-.040,.222,.266,-.044,.188,.224,-.036
Wilkerson, Stevie,592859,2019,142,87,.220,.189,.031,.379,.300,.079,.285,.243,.042
Garcia, Greg,594824,2019,140,89,.254,.222,.032,.369,.299,.070,.316,.282,.034
Inciarte, Ender,542255,2019,140,98,.218,.236,-.018,.323,.299,.024,.273,.276,-.003
Herrera, Odubel,546318,2019,139,94,.222,.226,-.004,.341,.325,.016,.277,.274,.003
DeShields, Delino,592261,2019,138,91,.241,.235,.006,.321,.326,-.005,.313,.314,-.001
Flores, Wilmer,527038,2019,138,115,.281,.266,.015,.398,.367,.031,.316,.298,.018
Gonzalez, Carlos,471865,2019,137,82,.215,.214,.001,.306,.342,-.036,.268,.281,-.013
Sandoval, Pablo,467055,2019,136,94,.273,.282,-.009,.563,.516,.047,.362,.351,.011
Olson, Matt,621566,2019,135,81,.227,.242,-.015,.504,.552,-.048,.349,.372,-.023
Rickard, Joey,572073,2019,135,85,.203,.197,.006,.347,.282,.065,.287,.265,.022
Canha, Mark,592192,2019,134,82,.239,.196,.043,.550,.443,.107,.387,.338,.049
Difo, Wilmer,594694,2019,134,95,.231,.225,.006,.298,.290,.008,.261,.257,.004
Flowers, Tyler,452095,2019,133,75,.244,.220,.024,.429,.428,.001,.319,.311,.008
Kelly, Carson,608348,2019,132,94,.254,.231,.023,.500,.384,.116,.352,.301,.051
Guzman, Ronald,608597,2019,131,83,.229,.259,-.030,.475,.487,-.012,.328,.348,-.020
Kemp, Tony,643393,2019,130,97,.230,.230,.000,.416,.329,.087,.311,.284,.027
Severino, Pedro,600474,2019,129,89,.277,.294,-.017,.536,.494,.042,.381,.380,.001
Newman, Kevin,621028,2019,128,98,.299,.275,.024,.419,.364,.055,.333,.305,.028
Ohtani, Shohei,660271,2019,128,82,.248,.280,-.032,.416,.455,-.039,.320,.354,-.034
Perez, Hernan,541650,2019,127,84,.269,.213,.056,.445,.318,.127,.328,.256,.072
Tatis Jr., Fernando,665487,2019,124,77,.315,.230,.085,.577,.448,.129,.404,.334,.070
Lagares, Juan,501571,2019,124,79,.189,.185,.004,.279,.272,.007,.236,.237,-.001
Camargo, Johan,622666,2019,124,95,.222,.232,-.010,.342,.325,.017,.262,.261,.001
Cervelli, Francisco,465041,2019,123,79,.193,.200,-.007,.248,.293,-.045,.244,.264,-.020
Reynolds, Mark,448602,2019,122,64,.176,.175,.001,.353,.327,.026,.288,.288,.000
Hicks, John,543308,2019,122,81,.217,.200,.017,.374,.320,.054,.270,.245,.025
Astudillo, Willians,553902,2019,121,111,.250,.288,-.038,.357,.426,-.069,.270,.323,-.053
Kiner-Falefa, Isiah,643396,2019,121,76,.231,.216,.015,.343,.289,.054,.290,.267,.023
Suzuki, Kurt,435559,2019,121,92,.279,.293,-.014,.468,.429,.039,.343,.340,.003
McCann, Brian,435263,2019,120,96,.284,.266,.018,.422,.411,.011,.323,.332,-.009
Zunino, Mike,572287,2019,120,80,.188,.224,-.036,.339,.448,-.109,.253,.309,-.056
Diaz, Elias,553869,2019,120,96,.281,.266,.015,.351,.345,.006,.288,.285,.003
Tucker, Cole,657061,2019,120,79,.196,.236,-.040,.321,.356,-.035,.244,.277,-.033
Luplow, Jordan,656669,2019,120,76,.248,.249,-.001,.523,.459,.064,.351,.332,.019
Freese, David,501896,2019,119,73,.293,.260,.033,.576,.485,.091,.419,.378,.041
Nunez, Eduardo,456488,2019,118,95,.221,.237,-.016,.301,.306,-.005,.235,.247,-.012
Turner, Trea,607208,2019,117,84,.273,.278,-.005,.491,.449,.042,.341,.329,.012
Adams, Matt,571431,2019,117,73,.252,.241,.011,.477,.478,-.001,.321,.332,-.011
Garver, Mitch,641598,2019,117,70,.317,.233,.084,.693,.502,.191,.459,.362,.097
Tilson, Charlie,605508,2019,116,77,.274,.242,.032,.349,.324,.025,.302,.281,.021
Rengifo, Luis,650859,2019,115,75,.232,.229,.003,.333,.388,-.055,.283,.312,-.029
Pollock, A.J.,572041,2019,115,82,.223,.263,-.040,.330,.401,-.071,.268,.318,-.050
Dixon, Brandon,641525,2019,114,73,.291,.266,.025,.491,.513,-.022,.338,.337,.001
Cooper, Garrett,643265,2019,112,74,.281,.302,-.021,.448,.505,-.057,.360,.390,-.030
Adrianza, Ehire,501303,2019,112,77,.258,.272,-.014,.409,.433,-.024,.339,.364,-.025
Bour, Justin,571506,2019,112,67,.163,.173,-.010,.316,.328,-.012,.263,.273,-.010
Castillo, Welington,456078,2019,109,68,.188,.231,-.043,.344,.437,-.093,.281,.332,-.051
Mathis, Jeff,425772,2019,109,70,.152,.156,-.004,.202,.225,-.023,.195,.208,-.013
Diaz, Aledmys,649557,2019,109,89,.286,.260,.026,.510,.422,.088,.346,.321,.025
Vargas, Ildemaro,545121,2019,109,89,.260,.239,.021,.356,.302,.054,.284,.256,.028
Tauchman, Mike,643565,2019,108,62,.211,.205,.006,.411,.353,.058,.312,.291,.021
Beckham, Gordon,493596,2019,108,64,.234,.235,-.001,.436,.417,.019,.335,.331,.004
Cozart, Zack,446359,2019,107,84,.124,.208,-.084,.144,.274,-.130,.151,.249,-.098
Naquin, Tyler,571980,2019,107,73,.267,.265,.002,.386,.435,-.049,.295,.312,-.017
Herrera, Rosell,594011,2019,107,73,.216,.214,.002,.340,.290,.050,.276,.256,.020
France, Ty,664034,2019,107,74,.235,.217,.018,.357,.359,-.002,.284,.280,.004
Kingery, Scott,664068,2019,106,72,.310,.281,.029,.530,.464,.066,.375,.341,.034
Castro, Jason,488771,2019,106,65,.272,.289,-.017,.565,.637,-.072,.396,.429,-.033
Hampson, Garrett,641658,2019,105,72,.186,.202,-.016,.258,.236,.022,.212,.217,-.005
Cordell, Ryan,641477,2019,104,62,.225,.221,.004,.371,.369,.002,.299,.296,.003
Maybin, Cameron,457727,2019,103,62,.289,.249,.040,.389,.374,.015,.342,.321,.021
Broxton, Keon,542979,2019,103,52,.165,.178,-.013,.278,.320,-.042,.218,.239,-.021
Kang, Jung Ho,628356,2019,103,61,.137,.181,-.044,.326,.354,-.028,.231,.264,-.033
Gurriel Jr., Lourdes,666971,2019,103,69,.263,.251,.012,.537,.503,.034,.362,.345,.017
Casali, Curt,592200,2019,102,70,.297,.254,.043,.440,.389,.051,.345,.310,.035
Lopez, Nicky,670032,2019,100,78,.213,.224,-.011,.287,.258,.029,.243,.239,.004