Name,Team,G,PA,HR,R,RBI,SB,BB%,K%,ISO,BABIP,AVG,OBP,SLG,wOBA,wRC+,BsR,Off,Def,WAR,cBA,xBA,diff,est_ba,est_ba_minus_ba_diff,est_slg,est_woba,est_slg_minus_slg_diff,est_woba_minus_woba_diff,hp_to_1b,sprint_speed
Howie Kendrick,Nationals,53,171,10,29,38,1,5.8 %,15.2 %,0.253,0.325,0.325,0.363,0.578,0.386,139,-1.3,7.4,-0.2,1.2,0.331,0.381,-0.055999999999999994,0.32799999999999996,-0.001,0.611,0.42200000000000004,-0.015,-0.022000000000000002,4.74,25.2
Cody Bellinger,Dodgers,62,268,20,51,54,7,14.9 %,13.8 %,0.344,0.359,0.36200000000000004,0.455,0.705,0.465,197,-0.9,32.6,5.7,4.6,0.374,0.368,-0.00599999999999995,0.37799999999999995,-0.023,0.71,0.48700000000000004,-0.017,-0.022000000000000002,3.89,29.2
Anthony Rendon,Nationals,50,216,11,44,41,1,13.4 %,16.2 %,0.309,0.34600000000000003,0.32,0.426,0.63,0.43200000000000005,169,1.2,20.4,0.7,2.8,0.335,0.358,-0.03799999999999998,0.33899999999999997,-0.02,0.667,0.46,-0.028999999999999998,-0.02,,27.0
Austin Meadows,Rays,47,205,12,31,38,8,9.8 %,21.0 %,0.28,0.402,0.34600000000000003,0.42,0.626,0.43200000000000005,179,1.0,21.2,-3.7,2.4,0.356,0.329,0.017000000000000015,0.308,0.038,0.531,0.389,0.095,0.049,4.21,28.2
Kurt Suzuki,Nationals,34,121,5,13,22,0,5.8 %,16.5 %,0.18899999999999997,0.299,0.27899999999999997,0.331,0.46799999999999997,0.33799999999999997,107,-0.5,0.7,0.1,0.5,0.279,0.327,-0.04800000000000004,0.293,-0.013999999999999999,0.429,0.34,0.039,0.003,4.7,25.9
Jorge Polanco,Twins,60,269,10,40,33,2,9.3 %,15.2 %,0.24100000000000002,0.37,0.336,0.39799999999999996,0.5770000000000001,0.405,156,0.1,18.9,-0.4,2.7,0.336,0.321,0.015000000000000013,0.302,0.031,0.52,0.377,0.049,0.027999999999999997,4.06,28.0
Carlos Correa,Astros,50,214,11,26,35,1,9.3 %,23.8 %,0.253,0.344,0.295,0.36,0.547,0.377,143,-1.2,10.3,0.4,1.8,0.295,0.315,-0.020000000000000018,0.3,-0.004,0.53,0.392,0.02,-0.009000000000000001,4.31,27.8
J.D. Davis,Mets,52,162,6,19,17,0,9.3 %,20.4 %,0.171,0.299,0.26,0.33299999999999996,0.43200000000000005,0.32899999999999996,109,1.1,3.0,-3.7,0.4,0.257,0.311,-0.05099999999999999,0.306,-0.046,0.51,0.382,-0.07,-0.047,4.6,26.4
Justin Turner,Dodgers,57,237,6,31,27,1,10.1 %,13.5 %,0.139,0.33899999999999997,0.312,0.397,0.45,0.366,132,-0.5,9.2,-1.9,1.5,0.309,0.309,0.0030000000000000027,0.32299999999999995,-0.011000000000000001,0.531,0.408,-0.08199999999999999,-0.038,4.48,26.2
Hunter Pence,Rangers,48,188,13,37,41,3,6.9 %,20.2 %,0.298,0.287,0.281,0.335,0.579,0.376,131,2.1,9.4,-3.6,1.2,0.295,0.308,-0.02699999999999997,0.293,-0.009000000000000001,0.515,0.36700000000000005,0.059000000000000004,0.015,4.2,28.7
Nolan Arenado,Rockies,62,277,16,48,55,2,7.9 %,10.8 %,0.272,0.322,0.332,0.38299999999999995,0.604,0.402,136,2.4,15.5,5.7,3.0,0.343,0.307,0.025000000000000022,0.28600000000000003,0.045,0.47600000000000003,0.34700000000000003,0.122,0.059000000000000004,4.49,26.1
Tommy La Stella,Angels,60,232,14,38,38,0,6.9 %,7.3 %,0.225,0.292,0.316,0.373,0.541,0.385,148,0.0,13.9,1.1,2.3,0.302,0.305,0.01100000000000001,0.306,0.009000000000000001,0.5,0.373,0.049,0.02,4.5,25.8
Christian Yelich,Brewers,58,254,23,49,52,14,15.4 %,16.5 %,0.39899999999999997,0.322,0.337,0.445,0.736,0.465,192,2.8,32.9,-0.4,4.0,0.32,0.302,0.03500000000000003,0.315,0.025,0.639,0.43700000000000006,0.106,0.040999999999999995,4.16,28.7
Trey Mancini,Orioles,61,265,13,44,31,0,7.2 %,20.8 %,0.24100000000000002,0.341,0.303,0.355,0.544,0.373,136,0.8,12.6,-6.5,1.5,0.299,0.301,0.0020000000000000018,0.287,0.012,0.517,0.365,0.02,0.011000000000000001,4.59,27.0
David Fletcher,Angels,62,240,4,32,23,5,7.9 %,6.3 %,0.127,0.317,0.308,0.363,0.434,0.342,118,-0.6,4.9,5.9,1.9,0.316,0.299,0.009000000000000008,0.325,-0.017,0.43,0.354,0.004,-0.008,4.22,27.7
Francisco Lindor,Indians,45,200,11,31,24,7,9.5 %,15.0 %,0.244,0.312,0.307,0.375,0.551,0.381,138,0.5,9.9,1.9,1.9,0.306,0.299,0.008000000000000007,0.302,-0.004,0.525,0.379,0.011000000000000001,-0.001,,27.2
Yoan Moncada,White Sox,61,266,12,38,38,5,7.1 %,28.6 %,0.218,0.365,0.284,0.34,0.502,0.354,125,1.4,9.6,1.1,2.0,0.284,0.298,-0.014000000000000012,0.292,0.002,0.532,0.375,-0.024,-0.009000000000000001,4.2,27.6
Mike Trout,Angels,61,273,17,49,42,7,21.6 %,16.1 %,0.33299999999999996,0.303,0.299,0.469,0.632,0.446,189,3.5,33.9,1.7,4.5,0.295,0.296,0.0030000000000000027,0.322,-0.026000000000000002,0.664,0.479,-0.038,-0.027999999999999997,4.3,29.2
Bryan Reynolds,Pirates,43,154,5,22,20,0,7.8 %,21.4 %,0.20600000000000002,0.42700000000000005,0.348,0.40299999999999997,0.5529999999999999,0.40299999999999997,154,0.7,11.5,-0.8,1.5,0.347,0.296,0.05199999999999999,0.303,0.049,0.45,0.353,0.102,0.057,,27.6
Nelson Cruz,Twins,39,161,10,22,25,0,9.9 %,29.2 %,0.27699999999999997,0.32899999999999996,0.27,0.354,0.546,0.374,134,-1.3,5.7,-3.9,0.7,0.262,0.295,-0.024999999999999967,0.294,-0.015,0.615,0.419,-0.05,-0.03,4.78,24.8
Eddie Rosario,Twins,60,255,18,42,50,2,5.1 %,14.9 %,0.267,0.247,0.267,0.302,0.5329999999999999,0.345,115,-1.0,3.8,-1.2,1.1,0.276,0.294,-0.02699999999999997,0.271,0.001,0.537,0.358,0.008,0.0,4.3,27.2
Dansby Swanson,Braves,64,265,13,36,43,6,6.8 %,19.6 %,0.226,0.27899999999999997,0.264,0.314,0.49,0.33299999999999996,104,1.5,3.1,-0.9,1.1,0.266,0.293,-0.02899999999999997,0.282,-0.025,0.516,0.361,-0.038,-0.03,4.2,28.7
David Dahl,Rockies,54,219,6,36,26,1,6.8 %,26.9 %,0.20600000000000002,0.441,0.332,0.381,0.5379999999999999,0.385,125,-1.8,5.3,-0.6,1.2,0.33,0.292,0.040000000000000036,0.292,0.038,0.527,0.371,0.01,0.018000000000000002,4.25,27.8
Elias Diaz,Pirates,33,116,1,12,16,0,3.4 %,15.5 %,0.07200000000000001,0.33299999999999996,0.28800000000000003,0.31,0.36,0.289,79,-0.1,-3.2,-2.8,-0.2,0.293,0.292,-0.003999999999999948,0.266,0.015,0.345,0.285,0.006,0.003,4.68,26.0
Rafael Devers,Red Sox,64,275,9,47,40,8,8.4 %,17.1 %,0.185,0.34,0.301,0.361,0.486,0.35600000000000004,120,3.3,10.2,-0.1,1.9,0.314,0.291,0.010000000000000009,0.3,0.001,0.504,0.371,-0.018000000000000002,-0.01,4.27,26.8
DJ LeMahieu,Yankees,58,254,7,40,40,2,6.7 %,13.0 %,0.152,0.345,0.32,0.368,0.47200000000000003,0.35700000000000004,124,1.3,8.9,1.9,1.9,0.308,0.291,0.029000000000000026,0.293,0.027999999999999997,0.461,0.349,0.006999999999999999,0.011000000000000001,4.59,26.8
J.D. Martinez,Red Sox,56,245,12,36,33,1,10.2 %,15.9 %,0.231,0.311,0.29600000000000004,0.371,0.528,0.373,131,-1.3,8.3,-4.8,1.2,0.301,0.291,0.00500000000000006,0.327,-0.031,0.638,0.435,-0.11,-0.057,4.54,26.6
Carlos Santana,Indians,63,268,12,39,39,1,16.0 %,15.7 %,0.228,0.306,0.28600000000000003,0.40299999999999997,0.513,0.38299999999999995,139,-0.8,12.3,-3.3,1.8,0.286,0.29,-0.003999999999999948,0.272,0.013000000000000001,0.483,0.375,0.026000000000000002,0.012,4.66,25.4
Mike Moustakas,Brewers,58,251,19,41,41,3,7.6 %,19.1 %,0.31,0.272,0.275,0.33899999999999997,0.585,0.382,137,0.2,12.2,2.4,2.2,0.263,0.29,-0.014999999999999958,0.272,0.003,0.532,0.37,0.06,0.021,4.61,25.5
Javier Baez,Cubs,61,267,16,42,44,2,6.0 %,30.7 %,0.28,0.392,0.304,0.345,0.584,0.382,138,0.8,14.0,6.7,2.9,0.309,0.289,0.015000000000000013,0.278,0.021,0.536,0.36,0.039,0.023,4.23,28.3
Logan Forsythe,Rangers,46,181,3,23,26,1,13.8 %,24.3 %,0.16399999999999998,0.377,0.28300000000000003,0.389,0.447,0.36200000000000004,121,0.7,5.5,-0.5,1.1,0.307,0.288,-0.004999999999999949,0.258,0.023,0.41100000000000003,0.34600000000000003,0.033,0.018000000000000002,4.52,27.4
Josh Reddick,Astros,58,236,7,28,22,3,6.8 %,10.2 %,0.15,0.314,0.308,0.349,0.45799999999999996,0.33899999999999997,117,-1.1,4.1,-1.3,1.1,0.305,0.287,0.02100000000000002,0.292,0.02,0.43200000000000005,0.342,0.027000000000000003,0.004,4.31,26.4
Hunter Dozier,Royals,52,216,11,27,33,1,12.0 %,19.0 %,0.276,0.34600000000000003,0.314,0.39799999999999996,0.589,0.40700000000000003,158,0.6,16.2,-0.4,2.3,0.314,0.286,0.028000000000000025,0.285,0.028999999999999998,0.507,0.379,0.08199999999999999,0.034,4.34,28.2
Michael Brantley,Astros,63,270,10,30,38,3,7.8 %,8.9 %,0.195,0.319,0.317,0.374,0.512,0.373,140,0.1,13.6,-2.4,2.0,0.332,0.284,0.03300000000000003,0.28800000000000003,0.028999999999999998,0.45299999999999996,0.34700000000000003,0.059000000000000004,0.031,4.47,26.4
Ozzie Albies,Braves,64,279,7,35,26,4,8.6 %,16.1 %,0.139,0.299,0.267,0.33299999999999996,0.406,0.315,93,1.0,-1.7,1.0,0.8,0.261,0.283,-0.01599999999999996,0.28600000000000003,-0.02,0.44799999999999995,0.344,-0.038,-0.024,4.08,28.4
Lorenzo Cain,Brewers,61,278,4,40,27,6,7.2 %,16.2 %,0.11900000000000001,0.29600000000000004,0.258,0.317,0.377,0.3,83,-0.3,-6.4,7.3,1.0,0.256,0.283,-0.024999999999999967,0.275,-0.021,0.387,0.321,-0.016,-0.02,4.18,28.0
Pedro Severino,Orioles,36,125,8,12,18,0,9.6 %,20.0 %,0.266,0.299,0.284,0.363,0.55,0.381,141,-2.5,4.0,3.8,1.2,0.288,0.282,0.0020000000000000018,0.294,-0.017,0.494,0.38,0.042,0.001,4.48,27.3
Freddie Freeman,Braves,63,281,17,46,41,1,12.1 %,16.7 %,0.28300000000000003,0.32799999999999996,0.311,0.402,0.594,0.415,158,0.2,21.4,-5.6,2.5,0.31,0.281,0.02999999999999997,0.313,-0.001,0.623,0.43200000000000005,-0.031,-0.012,4.43,26.3
Elvis Andrus,Rangers,53,237,6,32,33,13,4.6 %,15.2 %,0.158,0.337,0.303,0.342,0.462,0.34,107,2.3,4.3,3.3,1.6,0.298,0.281,0.021999999999999964,0.276,0.025,0.41700000000000004,0.32,0.039,0.022000000000000002,4.34,27.1
Nick Markakis,Braves,64,260,4,38,29,0,12.7 %,11.2 %,0.139,0.284,0.265,0.354,0.40399999999999997,0.326,100,-0.9,-0.9,-4.1,0.3,0.271,0.281,-0.016000000000000014,0.293,-0.027999999999999997,0.405,0.35100000000000003,-0.001,-0.019,4.41,26.0
Jose Martinez,Cardinals,62,181,3,21,21,1,7.7 %,18.8 %,0.10300000000000001,0.349,0.29100000000000004,0.348,0.39399999999999996,0.322,101,-0.5,-0.3,-4.5,0.1,0.294,0.281,0.010000000000000009,0.318,-0.027000000000000003,0.521,0.386,-0.127,-0.057999999999999996,4.58,26.0
Josh Bell,Pirates,62,269,18,46,57,0,9.7 %,20.8 %,0.34700000000000003,0.363,0.331,0.39399999999999996,0.6779999999999999,0.433,173,-3.0,22.5,-7.1,2.4,0.332,0.281,0.04999999999999999,0.304,0.021,0.596,0.40299999999999997,0.071,0.031,4.5,26.7
Tim Anderson,White Sox,56,222,9,33,28,15,3.2 %,19.4 %,0.17,0.369,0.321,0.35100000000000003,0.491,0.35700000000000004,127,2.3,9.8,-1.1,1.6,0.323,0.281,0.03999999999999998,0.299,0.025,0.479,0.348,0.016,0.018000000000000002,4.17,28.7
Anthony Rizzo,Cubs,59,265,16,41,44,3,12.1 %,14.0 %,0.271,0.272,0.281,0.396,0.552,0.397,148,-1.3,15.2,-3.3,2.0,0.284,0.279,0.0020000000000000018,0.31,-0.034,0.557,0.418,-0.015,-0.021,4.61,25.4
Mitch Garver,Twins,30,111,10,22,24,0,9.9 %,26.1 %,0.381,0.36200000000000004,0.32,0.405,0.701,0.452,188,-0.9,11.3,0.5,1.6,0.314,0.279,0.04099999999999998,0.233,0.084,0.502,0.36200000000000004,0.191,0.09699999999999999,4.59,26.1
David Peralta,Diamondbacks,51,229,8,30,35,0,6.1 %,22.7 %,0.217,0.373,0.307,0.354,0.524,0.365,125,-2.1,5.4,1.3,1.4,0.298,0.278,0.02899999999999997,0.253,0.048,0.385,0.301,0.129,0.065,4.38,26.8
Trevor Story,Rockies,62,281,15,57,43,11,8.2 %,27.4 %,0.257,0.364,0.292,0.359,0.5489999999999999,0.38,122,3.2,11.0,6.0,2.6,0.288,0.278,0.013999999999999957,0.265,0.024,0.461,0.344,0.08199999999999999,0.039,4.2,29.2
Melky Cabrera,Pirates,57,184,4,21,22,2,5.4 %,12.5 %,0.128,0.366,0.331,0.37200000000000005,0.45899999999999996,0.353,121,0.5,5.5,-5.1,0.6,0.335,0.278,0.05299999999999999,0.28600000000000003,0.045,0.373,0.306,0.086,0.051,4.57,25.6
J.T. Realmuto,Phillies,60,242,10,39,36,2,7.0 %,23.1 %,0.187,0.321,0.27399999999999997,0.331,0.461,0.33299999999999996,107,1.7,3.8,14.0,2.5,0.273,0.277,-0.003000000000000058,0.299,-0.025,0.504,0.374,-0.047,-0.038,4.28,28.7
Eric Sogard,Blue Jays,37,155,5,21,15,4,9.7 %,13.5 %,0.185,0.3,0.281,0.355,0.467,0.35,121,1.3,5.3,0.9,1.2,0.283,0.276,0.0050000000000000044,0.255,0.018000000000000002,0.344,0.303,0.109,0.043,4.33,26.1
Wilmer Flores,Diamondbacks,42,138,2,13,14,0,4.3 %,10.1 %,0.11699999999999999,0.301,0.281,0.326,0.39799999999999996,0.312,91,-1.2,-2.8,-1.9,0.0,0.281,0.276,0.0050000000000000044,0.266,0.015,0.36700000000000005,0.298,0.031,0.018000000000000002,4.58,25.7
Jean Segura,Phillies,54,237,5,39,25,3,5.5 %,12.7 %,0.159,0.319,0.29100000000000004,0.33899999999999997,0.45,0.336,109,2.9,5.5,3.0,1.6,0.285,0.276,0.015000000000000013,0.271,0.022000000000000002,0.41200000000000003,0.322,0.043,0.021,4.17,27.7
Marcell Ozuna,Cardinals,60,254,17,43,54,5,9.4 %,21.7 %,0.276,0.255,0.25,0.32299999999999995,0.526,0.35100000000000003,120,1.5,8.0,-0.6,1.5,0.25,0.275,-0.025000000000000022,0.285,-0.026000000000000002,0.574,0.389,-0.044000000000000004,-0.027000000000000003,4.45,27.4
Justin Smoak,Blue Jays,57,239,12,28,33,0,16.7 %,18.4 %,0.21600000000000003,0.245,0.237,0.377,0.45399999999999996,0.358,126,-2.4,5.4,-4.5,0.9,0.242,0.275,-0.038000000000000034,0.287,-0.05,0.578,0.42100000000000004,-0.129,-0.061,,23.1
Adam Frazier,Pirates,57,247,3,31,15,2,6.5 %,12.6 %,0.11599999999999999,0.28800000000000003,0.258,0.318,0.373,0.298,85,1.1,-3.8,1.6,0.6,0.254,0.275,-0.017000000000000015,0.282,-0.028999999999999998,0.401,0.324,-0.034,-0.027999999999999997,4.35,27.0
Kendrys Morales,- - -,52,196,2,14,11,0,13.3 %,13.3 %,0.055,0.203,0.182,0.306,0.23600000000000002,0.256,58,-1.5,-11.8,-3.7,-0.9,0.197,0.274,-0.09200000000000003,0.27,-0.08800000000000001,0.434,0.366,-0.198,-0.10800000000000001,5.04,23.4
Gio Urshela,Yankees,53,181,4,24,25,1,5.5 %,16.0 %,0.14,0.348,0.311,0.354,0.451,0.341,114,-0.8,2.3,0.8,0.9,0.327,0.274,0.03699999999999998,0.316,-0.006999999999999999,0.483,0.37,-0.035,-0.019,4.45,26.2
Ronald Guzman,Rangers,37,126,6,16,19,1,8.7 %,28.6 %,0.24600000000000002,0.26,0.21899999999999997,0.28600000000000003,0.465,0.313,88,-2.8,-4.6,-1.2,-0.1,0.214,0.274,-0.05500000000000005,0.259,-0.03,0.48700000000000004,0.348,-0.012,-0.02,,25.9
Gary Sanchez,Yankees,45,187,19,28,37,0,8.0 %,27.3 %,0.36700000000000005,0.253,0.26,0.332,0.627,0.391,147,0.1,11.2,-2.4,1.5,0.266,0.273,-0.013000000000000012,0.28,-0.02,0.69,0.431,-0.066,-0.032,,25.5
Paul DeJong,Cardinals,62,266,10,44,29,4,11.7 %,18.4 %,0.214,0.31,0.275,0.37200000000000005,0.489,0.36700000000000005,130,3.0,13.3,7.4,2.9,0.275,0.273,0.0020000000000000018,0.272,-0.002,0.483,0.369,-0.002,-0.003,4.44,27.5
George Springer,Astros,48,216,17,41,43,4,11.6 %,20.8 %,0.335,0.315,0.308,0.389,0.643,0.42100000000000004,172,1.4,21.0,-0.4,2.8,0.308,0.272,0.035999999999999976,0.313,-0.005,0.625,0.43200000000000005,0.018000000000000002,-0.004,4.31,28.3
Domingo Santana,Mariners,64,284,13,33,48,5,8.5 %,29.2 %,0.215,0.348,0.27,0.336,0.484,0.34600000000000003,123,-1.3,6.9,-12.4,0.4,0.263,0.27,0.0,0.281,-0.008,0.536,0.376,-0.051,-0.022000000000000002,4.55,26.7
Max Kepler,Twins,56,247,15,42,40,1,10.1 %,15.4 %,0.273,0.251,0.264,0.34,0.537,0.363,128,-1.0,7.6,4.9,2.1,0.257,0.27,-0.006000000000000005,0.263,0.001,0.46399999999999997,0.349,0.07200000000000001,0.021,4.27,27.6
David Bote,Cubs,55,179,7,24,30,1,10.1 %,24.6 %,0.203,0.33299999999999996,0.272,0.35200000000000004,0.475,0.35,117,0.5,4.4,-1.7,0.8,0.269,0.27,0.0020000000000000018,0.256,0.017,0.39899999999999997,0.32299999999999995,0.073,0.031,4.36,27.7
Yadier Molina,Cardinals,50,201,4,18,33,4,3.5 %,8.5 %,0.132,0.26899999999999996,0.265,0.294,0.397,0.293,82,-2.4,-7.2,1.8,0.1,0.265,0.27,-0.0050000000000000044,0.27399999999999997,-0.009000000000000001,0.44,0.32,-0.043,-0.023,,22.8
Chad Pinder,Athletics,49,158,5,22,18,0,4.4 %,19.6 %,0.171,0.295,0.26,0.304,0.43200000000000005,0.311,97,-0.6,-1.3,0.5,0.5,0.272,0.27,-0.010000000000000009,0.251,0.009000000000000001,0.405,0.306,0.022000000000000002,0.006999999999999999,4.41,27.2
Charlie Tilson,White Sox,31,112,1,12,11,3,6.3 %,25.9 %,0.068,0.35600000000000004,0.262,0.321,0.33,0.285,78,2.3,-0.7,0.0,0.3,0.263,0.269,-0.007000000000000006,0.242,0.032,0.324,0.281,0.025,0.021,,29.0
Danny Santana,Rangers,41,146,4,26,15,7,4.1 %,28.1 %,0.179,0.385,0.29100000000000004,0.331,0.47,0.335,103,2.6,3.1,-1.9,0.6,0.293,0.269,0.02200000000000002,0.28600000000000003,0.002,0.45399999999999996,0.33799999999999997,0.021,0.001,,28.1
Luke Voit,Yankees,61,272,15,40,39,0,13.6 %,24.3 %,0.237,0.297,0.259,0.375,0.496,0.37,133,-0.9,10.3,-8.2,1.1,0.272,0.269,-0.010000000000000009,0.253,0.01,0.534,0.386,-0.034,-0.008,4.66,26.0
Yandy Diaz,Rays,48,213,9,29,23,1,11.7 %,16.9 %,0.207,0.268,0.255,0.34299999999999997,0.462,0.33899999999999997,116,-1.2,3.1,-1.8,0.9,0.245,0.269,-0.014000000000000012,0.28800000000000003,-0.018000000000000002,0.515,0.38,-0.027999999999999997,-0.022000000000000002,4.5,26.3
Starling Marte,Pirates,52,241,7,35,26,10,2.9 %,17.0 %,0.168,0.315,0.27899999999999997,0.321,0.447,0.327,104,2.4,3.5,1.8,1.3,0.274,0.269,0.009999999999999953,0.293,-0.01,0.444,0.337,0.004,-0.004,4.18,29.0
James McCann,White Sox,41,157,4,24,15,3,5.7 %,22.3 %,0.163,0.41700000000000004,0.33299999999999996,0.376,0.49700000000000005,0.371,136,1.2,8.4,0.2,1.4,0.336,0.268,0.06499999999999995,0.282,0.043,0.46799999999999997,0.34299999999999997,0.015,0.024,4.65,26.2
Adam Jones,Diamondbacks,59,247,12,32,37,1,4.9 %,15.8 %,0.22399999999999998,0.285,0.276,0.321,0.5,0.342,110,-0.9,2.4,-3.5,0.7,0.276,0.267,0.009000000000000008,0.275,0.001,0.502,0.35100000000000003,-0.002,-0.003,4.43,26.9
Yasmani Grandal,Brewers,58,235,13,30,32,3,14.0 %,20.9 %,0.253,0.302,0.278,0.379,0.53,0.38,135,0.3,11.0,6.9,2.5,0.274,0.267,0.01100000000000001,0.248,0.026000000000000002,0.483,0.364,0.039,0.018000000000000002,4.85,24.5
Jonathan Schoop,Twins,56,223,11,33,31,1,4.0 %,23.8 %,0.22699999999999998,0.28,0.24600000000000002,0.3,0.473,0.326,102,0.7,1.4,0.7,1.0,0.262,0.266,-0.01999999999999999,0.259,-0.013000000000000001,0.44799999999999995,0.32899999999999996,0.025,0.003,4.55,27.1
Xander Bogaerts,Red Sox,62,277,12,50,42,2,11.9 %,19.1 %,0.228,0.33,0.295,0.375,0.523,0.377,135,1.8,13.8,4.6,2.8,0.304,0.266,0.02899999999999997,0.27399999999999997,0.017,0.46799999999999997,0.363,0.048,0.017,4.26,28.3
Albert Pujols,Angels,54,222,11,25,35,0,9.9 %,11.7 %,0.221,0.22399999999999998,0.24100000000000002,0.32,0.462,0.32799999999999996,109,-3.3,-0.8,-3.9,0.3,0.228,0.265,-0.023999999999999994,0.255,-0.019,0.467,0.34700000000000003,-0.015,-0.02,5.1,22.7
Omar Narvaez,Mariners,53,201,9,28,23,0,10.4 %,19.9 %,0.174,0.308,0.275,0.353,0.449,0.344,122,1.3,6.7,-2.1,1.1,0.28,0.265,0.010000000000000009,0.23,0.045,0.39799999999999996,0.313,0.051,0.036000000000000004,,23.9
Miguel Cabrera,Tigers,58,236,3,16,27,0,9.3 %,19.9 %,0.09,0.368,0.299,0.364,0.389,0.326,104,-1.3,-0.1,-5.5,0.3,0.293,0.264,0.034999999999999976,0.28300000000000003,0.013000000000000001,0.425,0.341,-0.04,-0.013000000000000001,4.98,23.9
Ehire Adrianza,Twins,38,107,4,14,13,0,9.3 %,16.8 %,0.14400000000000002,0.257,0.244,0.34,0.389,0.318,97,-0.7,-1.1,0.5,0.3,0.253,0.264,-0.020000000000000018,0.272,-0.013999999999999999,0.433,0.364,-0.024,-0.025,,25.8
Brian McCann,Braves,30,119,3,9,20,0,9.2 %,10.1 %,0.139,0.28300000000000003,0.287,0.345,0.426,0.322,97,-1.0,-1.4,-0.6,0.2,0.278,0.264,0.022999999999999965,0.266,0.018000000000000002,0.41100000000000003,0.332,0.011000000000000001,-0.009000000000000001,5.01,22.4
Yuli Gurriel,Astros,60,254,4,29,28,2,4.7 %,10.2 %,0.13,0.264,0.252,0.28300000000000003,0.382,0.282,79,-2.0,-8.8,-3.7,-0.4,0.259,0.264,-0.01200000000000001,0.271,-0.018000000000000002,0.365,0.295,0.017,-0.01,4.32,27.8
Shohei Ohtani,Angels,27,124,6,13,22,0,9.7 %,24.2 %,0.174,0.293,0.257,0.331,0.431,0.325,107,-1.9,-0.8,-2.9,0.1,0.239,0.264,-0.007000000000000006,0.28,-0.032,0.455,0.354,-0.039,-0.034,4.26,27.0
Neil Walker,Marlins,51,168,4,12,14,2,10.7 %,20.8 %,0.14800000000000002,0.364,0.295,0.375,0.44299999999999995,0.354,125,0.2,5.5,-3.7,0.7,0.295,0.264,0.030999999999999972,0.27699999999999997,0.018000000000000002,0.465,0.358,-0.022000000000000002,0.0,4.56,25.8
Nomar Mazara,Rangers,58,247,9,35,35,2,6.1 %,18.2 %,0.18600000000000003,0.299,0.27,0.324,0.456,0.32899999999999996,99,-1.0,-1.4,-4.9,0.2,0.272,0.263,0.007000000000000006,0.28,-0.012,0.486,0.35,-0.036000000000000004,-0.02,4.36,26.8
Kyle Schwarber,Cubs,58,240,12,32,25,1,13.8 %,27.5 %,0.223,0.273,0.233,0.33799999999999997,0.455,0.33,104,-0.6,0.8,-2.6,0.6,0.221,0.263,-0.03,0.267,-0.027999999999999997,0.508,0.37200000000000005,-0.045,-0.03,4.32,26.8
Jose Iglesias,Reds,59,214,4,26,22,1,5.1 %,14.5 %,0.124,0.32899999999999996,0.292,0.332,0.41600000000000004,0.316,93,-2.3,-4.3,5.8,0.8,0.299,0.263,0.02899999999999997,0.28,0.011000000000000001,0.371,0.3,0.042,0.018000000000000002,4.24,26.8
Robinson Cano,Mets,46,183,3,15,14,0,5.5 %,19.7 %,0.128,0.28600000000000003,0.23800000000000002,0.284,0.366,0.28,77,-0.4,-5.8,-2.5,-0.2,0.241,0.262,-0.023999999999999994,0.268,-0.03,0.43200000000000005,0.324,-0.066,-0.04,4.57,24.9
Brandon Belt,Giants,61,231,9,30,27,2,14.7 %,20.3 %,0.228,0.28300000000000003,0.249,0.368,0.47700000000000004,0.36,127,-0.5,7.5,-7.4,0.7,0.249,0.261,-0.01200000000000001,0.25,-0.001,0.5,0.38,-0.023,-0.015,,25.0
Charlie Blackmon,Rockies,47,224,10,36,32,2,6.3 %,18.3 %,0.26,0.331,0.299,0.35700000000000004,0.5589999999999999,0.381,123,-1.4,5.2,-6.1,0.6,0.3,0.261,0.03799999999999998,0.266,0.028999999999999998,0.485,0.35,0.066,0.033,4.31,27.0
Max Muncy,Dodgers,63,249,12,38,37,3,13.3 %,25.7 %,0.225,0.32899999999999996,0.272,0.365,0.498,0.363,130,2.5,12.0,1.5,2.1,0.274,0.26,0.01200000000000001,0.26899999999999996,0.009000000000000001,0.48100000000000004,0.365,0.033,0.012,4.28,27.6
Whit Merrifield,Royals,64,287,7,43,29,8,6.3 %,18.1 %,0.18899999999999997,0.348,0.298,0.348,0.48700000000000004,0.35,119,-1.1,5.8,-1.6,1.4,0.293,0.259,0.03899999999999998,0.28600000000000003,0.008,0.439,0.335,0.040999999999999995,0.015,4.2,28.5
Christin Stewart,Tigers,43,177,5,16,22,0,11.3 %,22.0 %,0.19,0.295,0.248,0.33299999999999996,0.43799999999999994,0.324,103,-0.5,0.1,-3.4,0.3,0.239,0.259,-0.01100000000000001,0.262,-0.006999999999999999,0.473,0.34700000000000003,-0.034,-0.016,,27.0
Joey Gallo,Rangers,50,214,17,41,41,3,19.6 %,35.5 %,0.376,0.385,0.276,0.42100000000000004,0.653,0.434,170,2.9,21.6,4.4,3.3,0.276,0.258,0.018000000000000016,0.26,0.016,0.667,0.442,-0.013999999999999999,-0.001,4.43,27.5
Jay Bruce,- - -,52,202,18,33,39,1,7.9 %,26.7 %,0.366,0.221,0.235,0.297,0.601,0.364,134,0.9,9.7,-4.8,1.2,0.227,0.258,-0.02300000000000002,0.23800000000000002,-0.006999999999999999,0.562,0.363,0.028999999999999998,0.003,4.37,26.8
Shin-Soo Choo,Rangers,58,256,11,43,28,3,10.2 %,26.6 %,0.23800000000000002,0.368,0.287,0.379,0.525,0.381,134,-0.6,10.4,-8.0,1.1,0.302,0.257,0.02999999999999997,0.271,0.018000000000000002,0.483,0.366,0.039,0.02,4.41,26.4
Christian Vazquez,Red Sox,52,180,7,22,22,1,6.1 %,18.3 %,0.18600000000000003,0.313,0.281,0.324,0.467,0.33,102,-2.2,-1.7,9.1,1.3,0.29,0.257,0.02400000000000002,0.23800000000000002,0.038,0.38799999999999996,0.29100000000000004,0.071,0.04,4.5,25.7
Nick Senzel,Reds,32,152,4,21,13,5,8.6 %,24.3 %,0.19,0.33,0.263,0.325,0.45299999999999996,0.32899999999999996,101,-0.3,-0.1,-0.4,0.4,0.264,0.256,0.007000000000000006,0.261,0.012,0.445,0.33299999999999996,0.015,0.006999999999999999,4.25,29.0
Pablo Sandoval,Giants,58,132,8,19,22,1,5.3 %,25.8 %,0.298,0.325,0.282,0.318,0.581,0.36700000000000005,131,0.4,5.6,-0.6,0.9,0.286,0.256,0.025999999999999968,0.282,-0.009000000000000001,0.516,0.35100000000000003,0.047,0.011000000000000001,,24.4
Manny Machado,Padres,64,269,10,30,33,1,10.4 %,21.6 %,0.161,0.276,0.242,0.327,0.40299999999999997,0.313,96,-1.7,-3.2,4.3,1.0,0.247,0.256,-0.014000000000000012,0.254,-0.012,0.42700000000000005,0.33399999999999996,-0.024,-0.017,4.62,26.5
Joc Pederson,Dodgers,58,207,18,42,33,0,10.6 %,20.8 %,0.36200000000000004,0.231,0.254,0.35700000000000004,0.616,0.39899999999999997,153,0.6,14.9,-0.5,2.1,0.269,0.255,-0.0010000000000000009,0.259,-0.005,0.495,0.37,0.121,0.036000000000000004,4.34,26.5
Colin Moran,Pirates,60,185,9,20,34,0,8.1 %,25.4 %,0.207,0.33299999999999996,0.278,0.335,0.485,0.342,114,0.2,3.6,-3.3,0.6,0.273,0.255,0.02300000000000002,0.254,0.019,0.446,0.32299999999999995,0.031,0.019,4.74,25.0
Avisail Garcia,Rays,53,231,11,33,28,6,6.1 %,22.5 %,0.21600000000000003,0.34700000000000003,0.29600000000000004,0.35100000000000003,0.512,0.361,131,-1.0,8.0,0.1,1.6,0.3,0.255,0.041000000000000036,0.29100000000000004,0.009000000000000001,0.5329999999999999,0.374,-0.021,-0.005,4.38,28.6
Jeff McNeil,Mets,51,209,2,21,17,0,7.7 %,11.0 %,0.11900000000000001,0.375,0.335,0.41100000000000003,0.45399999999999996,0.373,138,-3.6,6.7,-0.1,1.3,0.329,0.253,0.08200000000000002,0.305,0.03,0.436,0.359,0.018000000000000002,0.018000000000000002,4.06,27.4
Mookie Betts,Red Sox,64,296,10,50,29,6,15.5 %,13.9 %,0.187,0.284,0.268,0.385,0.455,0.358,121,0.4,8.4,-0.7,1.8,0.275,0.253,0.015000000000000013,0.267,0.0,0.485,0.375,-0.035,-0.016,4.32,27.6
Matt Carpenter,Cardinals,60,254,9,35,22,3,13.8 %,25.2 %,0.171,0.26899999999999996,0.221,0.331,0.392,0.315,96,-0.7,-1.9,-0.2,0.6,0.225,0.253,-0.032,0.22699999999999998,-0.002,0.42100000000000004,0.33,-0.028999999999999998,-0.01,4.61,25.6
C.J. Cron,Twins,57,232,14,31,41,0,7.8 %,22.0 %,0.264,0.297,0.27399999999999997,0.341,0.5379999999999999,0.365,128,-0.4,7.9,-4.0,1.2,0.275,0.253,0.020999999999999963,0.28,-0.003,0.539,0.37799999999999995,0.001,-0.006,4.61,26.2
Alex Verdugo,Dodgers,61,195,4,19,28,3,7.7 %,11.3 %,0.166,0.307,0.29100000000000004,0.344,0.457,0.33799999999999997,113,1.1,4.4,1.7,1.2,0.305,0.252,0.039000000000000035,0.259,0.032,0.402,0.311,0.055,0.031,4.21,27.2
Eduardo Escobar,Diamondbacks,63,279,15,40,49,1,7.2 %,22.2 %,0.273,0.313,0.281,0.337,0.5529999999999999,0.368,127,0.0,9.7,0.6,1.9,0.283,0.251,0.030000000000000027,0.233,0.055999999999999994,0.425,0.314,0.138,0.069,4.27,27.6
Rhys Hoskins,Phillies,63,277,13,34,42,1,15.9 %,24.9 %,0.24600000000000002,0.318,0.263,0.386,0.509,0.377,135,-2.5,10.1,-5.7,1.3,0.273,0.251,0.01200000000000001,0.23399999999999999,0.028999999999999998,0.419,0.348,0.085,0.032,4.59,25.8
Raimel Tapia,Rockies,59,203,5,27,22,2,5.4 %,26.6 %,0.193,0.34600000000000003,0.266,0.305,0.45799999999999996,0.321,83,0.4,-4.0,-5.8,-0.3,0.271,0.251,0.015000000000000013,0.23800000000000002,0.024,0.364,0.28,0.087,0.040999999999999995,4.22,28.5
Franmil Reyes,Padres,62,223,19,29,32,0,7.6 %,27.4 %,0.317,0.23800000000000002,0.243,0.29600000000000004,0.5589999999999999,0.349,119,-0.9,4.6,-3.7,0.8,0.251,0.25,-0.007000000000000006,0.27699999999999997,-0.028999999999999998,0.5820000000000001,0.386,-0.024,-0.028999999999999998,4.57,26.6
Derek Dietrich,Reds,59,165,17,25,37,1,9.1 %,21.2 %,0.397,0.2,0.248,0.35200000000000004,0.645,0.40399999999999997,151,1.5,12.3,1.0,1.8,0.269,0.25,-0.0020000000000000018,0.24,0.008,0.53,0.375,0.10400000000000001,0.033,4.32,26.7
David Freese,Dodgers,47,118,6,24,19,0,16.9 %,22.0 %,0.28600000000000003,0.348,0.29600000000000004,0.415,0.5820000000000001,0.41700000000000004,165,-0.9,9.1,-1.6,1.1,0.301,0.25,0.04600000000000004,0.26,0.033,0.485,0.37799999999999995,0.091,0.040999999999999995,4.55,25.6
Brian Goodwin,Angels,58,210,6,33,22,3,8.6 %,22.9 %,0.166,0.34600000000000003,0.28300000000000003,0.344,0.449,0.336,114,1.2,4.9,-7.7,0.5,0.289,0.249,0.03400000000000003,0.25,0.038,0.396,0.313,0.054000000000000006,0.028999999999999998,4.15,28.1
Jose Abreu,White Sox,63,270,16,31,52,2,6.3 %,24.8 %,0.259,0.27399999999999997,0.251,0.3,0.51,0.332,110,-2.7,0.6,-6.2,0.4,0.25,0.249,0.0020000000000000018,0.264,-0.013999999999999999,0.54,0.36700000000000005,-0.036000000000000004,-0.032,4.52,26.8
Alex Bregman,Astros,64,284,18,43,44,3,15.5 %,12.7 %,0.276,0.251,0.276,0.391,0.552,0.39299999999999996,154,-0.3,18.8,1.2,2.9,0.274,0.248,0.028000000000000025,0.28300000000000003,-0.011000000000000001,0.47700000000000004,0.385,0.068,0.011000000000000001,4.4,27.1
Josh Phegley,Athletics,53,166,8,22,37,0,4.2 %,19.3 %,0.22899999999999998,0.278,0.261,0.303,0.49,0.33,110,-1.9,0.2,1.1,0.7,0.271,0.248,0.013000000000000012,0.272,-0.006999999999999999,0.41600000000000004,0.318,0.07400000000000001,0.019,,25.7
Marwin Gonzalez,Twins,55,224,7,25,21,1,8.9 %,22.3 %,0.153,0.303,0.252,0.326,0.406,0.317,96,0.6,-0.6,1.2,0.8,0.25,0.247,0.0050000000000000044,0.261,-0.009000000000000001,0.44299999999999995,0.33899999999999997,-0.037000000000000005,-0.018000000000000002,4.48,26.0
Bryce Harper,Phillies,64,280,11,38,44,2,13.6 %,28.9 %,0.222,0.331,0.251,0.35700000000000004,0.473,0.348,116,-0.1,5.8,4.1,1.9,0.247,0.247,0.0040000000000000036,0.267,-0.016,0.49,0.366,-0.021,-0.015,4.31,28.1
Tommy Pham,Rays,56,255,8,26,25,6,15.3 %,18.4 %,0.175,0.335,0.28800000000000003,0.40399999999999997,0.462,0.37200000000000005,138,0.3,12.5,-0.8,2.0,0.3,0.246,0.04200000000000004,0.289,-0.003,0.47100000000000003,0.381,-0.015,-0.008,4.4,28.5
Nicholas Castellanos,Tigers,59,262,6,36,23,1,6.5 %,24.0 %,0.183,0.32799999999999996,0.261,0.313,0.444,0.318,99,1.7,1.3,-4.2,0.6,0.263,0.245,0.016000000000000014,0.259,0.003,0.47100000000000003,0.337,-0.027999999999999997,-0.013999999999999999,4.31,27.9
A.J. Pollock,Dodgers,28,115,2,15,14,0,7.8 %,20.0 %,0.107,0.263,0.223,0.287,0.33,0.265,65,0.3,-4.8,-2.2,-0.3,0.223,0.245,-0.021999999999999992,0.263,-0.04,0.401,0.318,-0.071,-0.05,4.33,28.1
Francisco Cervelli,Pirates,34,123,1,11,5,1,7.3 %,25.2 %,0.055,0.26,0.193,0.27899999999999997,0.248,0.242,48,-0.4,-8.6,3.4,-0.1,0.193,0.245,-0.05199999999999999,0.2,-0.006999999999999999,0.293,0.264,-0.045,-0.02,4.62,25.2
Dexter Fowler,Cardinals,55,198,5,22,15,4,13.1 %,24.7 %,0.139,0.321,0.247,0.369,0.386,0.335,109,2.6,5.0,-0.7,1.1,0.247,0.245,0.0020000000000000018,0.264,-0.021,0.40399999999999997,0.35,-0.025,-0.017,4.39,27.6
Cesar Hernandez,Phillies,63,258,6,28,29,3,6.6 %,12.8 %,0.166,0.298,0.27699999999999997,0.33299999999999996,0.44299999999999995,0.32899999999999996,104,0.2,1.4,0.3,1.0,0.283,0.245,0.03199999999999997,0.276,-0.002,0.39799999999999996,0.32299999999999995,0.040999999999999995,0.01,4.2,28.5
Clint Frazier,Yankees,46,179,11,23,31,1,6.7 %,27.9 %,0.252,0.327,0.276,0.33,0.528,0.355,123,-0.1,5.0,-5.4,0.6,0.273,0.245,0.031000000000000028,0.261,0.022000000000000002,0.485,0.342,0.051,0.024,4.42,27.4
Tyler Flowers,Braves,36,127,5,11,12,0,7.1 %,33.1 %,0.183,0.33299999999999996,0.243,0.307,0.426,0.312,91,-1.2,-2.7,8.5,1.0,0.248,0.245,-0.0020000000000000018,0.22,0.024,0.428,0.311,0.001,0.008,4.57,25.3
Matt Olson,Athletics,32,131,8,16,16,0,9.9 %,28.2 %,0.259,0.254,0.22399999999999998,0.313,0.483,0.33299999999999996,111,0.0,1.9,-1.0,0.5,0.202,0.244,-0.020000000000000018,0.242,-0.015,0.552,0.37200000000000005,-0.048,-0.023,,26.5
Ben Gamel,Brewers,57,162,4,23,14,1,9.9 %,29.0 %,0.141,0.359,0.261,0.34600000000000003,0.401,0.321,96,2.0,1.3,0.5,0.7,0.255,0.244,0.017000000000000015,0.26,0.004,0.402,0.33299999999999996,0.001,-0.006999999999999999,4.16,28.3
Daniel Vogelbach,Mariners,59,227,15,35,36,0,17.2 %,22.0 %,0.285,0.254,0.247,0.379,0.532,0.38299999999999995,148,0.2,13.8,-6.0,1.6,0.246,0.244,0.0030000000000000027,0.243,0.004,0.495,0.37799999999999995,0.047,0.013999999999999999,4.89,24.5
Michael Conforto,Mets,55,238,12,34,29,4,16.0 %,22.7 %,0.25,0.287,0.255,0.387,0.505,0.375,139,-0.3,11.8,-0.5,1.9,0.25,0.244,0.01100000000000001,0.261,-0.001,0.508,0.39,0.002,-0.006999999999999999,4.35,27.2
Tucker Barnhart,Reds,52,164,5,16,18,0,12.2 %,26.8 %,0.134,0.245,0.19699999999999998,0.294,0.331,0.26899999999999996,62,-1.1,-9.1,3.7,0.0,0.201,0.242,-0.04500000000000001,0.215,-0.018000000000000002,0.32299999999999995,0.28,0.008,-0.008,4.71,24.2
Vladimir Guerrero Jr.,Blue Jays,36,150,7,14,16,0,8.7 %,18.7 %,0.19699999999999998,0.265,0.248,0.313,0.445,0.32299999999999995,102,-2.5,-2.1,-2.6,0.1,0.248,0.242,0.006000000000000005,0.294,-0.046,0.521,0.376,-0.076,-0.048,4.65,26.2
Fernando Tatis Jr.,Padres,30,120,7,17,15,7,8.3 %,27.5 %,0.262,0.397,0.318,0.38299999999999995,0.579,0.401,153,0.7,8.9,0.7,1.3,0.3,0.242,0.07600000000000001,0.23,0.085,0.44799999999999995,0.33399999999999996,0.129,0.07,4.15,29.0
Pete Alonso,Mets,63,261,21,37,46,0,8.0 %,26.4 %,0.34299999999999997,0.275,0.261,0.341,0.604,0.38799999999999996,148,-0.6,15.4,-1.9,2.2,0.267,0.242,0.019000000000000017,0.262,-0.004,0.542,0.38,0.055,0.01,4.46,26.6
Todd Frazier,Mets,40,142,5,16,16,1,7.7 %,24.6 %,0.16399999999999998,0.318,0.258,0.331,0.42200000000000004,0.325,106,-1.2,-0.1,0.5,0.5,0.252,0.241,0.017000000000000015,0.24100000000000002,0.024,0.36700000000000005,0.302,0.08800000000000001,0.04,4.65,24.3
Matt Chapman,Athletics,64,280,16,40,36,0,10.4 %,18.6 %,0.26,0.267,0.26,0.34299999999999997,0.52,0.361,130,0.2,10.9,3.7,2.4,0.271,0.241,0.019000000000000017,0.262,-0.002,0.505,0.36700000000000005,0.011000000000000001,-0.001,4.39,27.9
Eric Hosmer,Padres,64,264,10,35,36,0,6.4 %,20.1 %,0.16699999999999998,0.322,0.282,0.33,0.449,0.33,107,-2.0,0.3,-6.7,0.2,0.289,0.241,0.04099999999999998,0.265,0.016,0.41700000000000004,0.318,0.028999999999999998,0.015,4.51,25.7
Renato Nunez,Orioles,62,241,16,33,36,0,5.4 %,25.3 %,0.259,0.259,0.24100000000000002,0.295,0.5,0.33,107,0.2,2.3,-7.2,0.3,0.248,0.241,2.7755575615628914e-17,0.245,-0.004,0.502,0.33899999999999997,-0.006,-0.004,4.52,27.1
Jose Ramirez,Indians,63,267,4,22,21,15,11.6 %,15.0 %,0.099,0.221,0.198,0.29600000000000004,0.297,0.262,57,2.7,-11.7,0.6,-0.2,0.202,0.241,-0.04299999999999998,0.242,-0.039,0.39299999999999996,0.318,-0.092,-0.051,4.4,27.0
Isiah Kiner-Falefa,Rangers,38,121,1,15,13,1,8.3 %,27.3 %,0.111,0.324,0.231,0.308,0.34299999999999997,0.28600000000000003,70,0.9,-3.6,-9.0,-0.8,0.229,0.24,-0.00899999999999998,0.21600000000000003,0.015,0.289,0.267,0.054000000000000006,0.023,4.3,27.7
Carson Kelly,Diamondbacks,42,128,6,13,16,0,9.4 %,17.2 %,0.226,0.264,0.252,0.32799999999999996,0.478,0.336,106,-2.1,-1.0,4.0,0.7,0.255,0.239,0.013000000000000012,0.231,0.023,0.384,0.301,0.11599999999999999,0.051,4.69,25.5
Paul Goldschmidt,Cardinals,62,269,12,38,27,0,11.9 %,25.7 %,0.17,0.331,0.268,0.358,0.43799999999999994,0.34299999999999997,115,1.0,6.1,-3.9,1.1,0.271,0.239,0.029000000000000026,0.26,0.012,0.47700000000000004,0.35700000000000004,-0.033,-0.006999999999999999,4.5,26.4
Dwight Smith Jr.,Orioles,59,243,11,31,41,4,5.3 %,20.6 %,0.213,0.271,0.249,0.29600000000000004,0.462,0.318,98,-0.7,-1.2,-6.0,0.1,0.257,0.238,0.01100000000000001,0.249,0.0,0.41200000000000003,0.308,0.05,0.015,4.41,26.2
Adam Eaton,Nationals,62,275,5,36,15,5,9.8 %,17.8 %,0.113,0.31,0.263,0.34600000000000003,0.375,0.316,93,0.2,-2.2,-1.7,0.5,0.263,0.238,0.025000000000000022,0.263,0.0,0.389,0.32799999999999996,-0.002,-0.003,4.23,27.9
Ryan Braun,Brewers,60,222,10,27,36,4,6.3 %,22.5 %,0.19,0.317,0.273,0.326,0.46299999999999997,0.335,106,1.1,2.8,-6.0,0.4,0.268,0.238,0.03500000000000003,0.258,0.015,0.46299999999999997,0.33399999999999996,-0.004,0.004,4.46,26.1
Jonathan Lucroy,Angels,53,198,7,23,25,0,7.6 %,12.1 %,0.14400000000000002,0.23199999999999998,0.23199999999999998,0.293,0.376,0.289,82,-3.0,-7.4,0.8,0.0,0.237,0.238,-0.006000000000000005,0.249,-0.021,0.387,0.308,-0.017,-0.018000000000000002,4.64,25.5
Robbie Grossman,Athletics,54,202,4,26,17,5,11.9 %,17.8 %,0.141,0.29,0.249,0.337,0.39,0.316,100,0.3,0.4,-0.4,0.7,0.23,0.238,0.01100000000000001,0.265,-0.016,0.384,0.331,0.006,-0.011000000000000001,4.32,27.3
Gerardo Parra,- - -,49,149,4,16,18,5,7.4 %,18.1 %,0.133,0.257,0.23,0.295,0.363,0.28,72,0.1,-5.3,1.0,0.1,0.235,0.237,-0.0069999999999999785,0.247,-0.022000000000000002,0.36700000000000005,0.3,-0.012,-0.019,4.42,26.2
Brandon Crawford,Giants,60,228,5,22,19,1,10.1 %,23.2 %,0.114,0.253,0.20800000000000002,0.289,0.322,0.266,65,-1.4,-11.8,2.5,-0.2,0.21,0.237,-0.02899999999999997,0.231,-0.022000000000000002,0.37799999999999995,0.301,-0.057999999999999996,-0.033,4.65,25.5
Willians Astudillo,Twins,33,121,2,16,11,0,1.7 %,4.1 %,0.107,0.239,0.25,0.273,0.35700000000000004,0.267,62,-2.7,-8.5,0.7,-0.3,0.26,0.237,0.013000000000000012,0.28800000000000003,-0.038,0.426,0.32299999999999995,-0.069,-0.053,4.89,24.1
Yonder Alonso,White Sox,58,226,7,22,26,0,11.9 %,22.1 %,0.138,0.20600000000000002,0.184,0.28300000000000003,0.321,0.264,64,-0.2,-10.5,-4.7,-0.7,0.187,0.237,-0.05299999999999999,0.22899999999999998,-0.045,0.38,0.312,-0.059000000000000004,-0.045,5.01,23.2
Kris Bryant,Cubs,60,270,13,48,36,1,13.0 %,19.3 %,0.264,0.294,0.26899999999999996,0.381,0.5329999999999999,0.384,140,1.8,15.6,-0.7,2.3,0.274,0.236,0.032999999999999974,0.271,0.002,0.507,0.384,0.025,0.006,4.25,28.1
Mitch Moreland,Red Sox,47,174,13,25,34,1,12.1 %,21.3 %,0.318,0.204,0.225,0.316,0.5429999999999999,0.354,119,-1.4,2.7,-3.9,0.5,0.228,0.236,-0.010999999999999982,0.25,-0.025,0.537,0.376,0.006,-0.016,4.47,25.2
Ketel Marte,Diamondbacks,63,279,14,38,44,3,6.8 %,16.8 %,0.23800000000000002,0.27899999999999997,0.27,0.32299999999999995,0.508,0.344,112,0.5,4.6,6.4,2.0,0.276,0.236,0.03400000000000003,0.282,-0.013999999999999999,0.49700000000000005,0.35200000000000004,0.016,-0.001,4.25,28.2
Harrison Bader,Cardinals,49,152,6,19,15,1,10.5 %,28.3 %,0.20199999999999999,0.313,0.24,0.35100000000000003,0.442,0.33299999999999996,108,-1.7,-0.1,4.7,0.9,0.233,0.235,0.0050000000000000044,0.24,-0.006999999999999999,0.44299999999999995,0.33899999999999997,-0.013999999999999999,-0.01,4.17,29.1
Ryan Cordell,White Sox,39,104,3,8,11,2,8.7 %,28.8 %,0.14400000000000002,0.298,0.222,0.307,0.36700000000000005,0.295,85,0.8,-1.2,-2.8,0.0,0.233,0.235,-0.012999999999999984,0.221,0.004,0.369,0.29600000000000004,0.002,0.003,4.21,29.4
Edwin Encarnacion,Mariners,62,273,18,44,43,0,13.9 %,19.4 %,0.268,0.231,0.24100000000000002,0.355,0.509,0.363,135,-0.3,11.6,-6.2,1.5,0.241,0.234,0.007000000000000006,0.252,-0.006999999999999999,0.529,0.385,0.003,-0.008,4.86,23.9
Tony Wolters,Rockies,43,155,1,19,19,0,7.7 %,15.5 %,0.109,0.353,0.307,0.35700000000000004,0.41600000000000004,0.324,85,-0.6,-3.6,3.5,0.5,0.307,0.234,0.07299999999999998,0.23600000000000002,0.071,0.313,0.26,0.10300000000000001,0.067,4.63,25.8
Maikel Franco,Phillies,61,226,9,25,31,0,9.7 %,12.4 %,0.182,0.198,0.207,0.28300000000000003,0.389,0.264,61,-2.9,-14.2,2.8,-0.4,0.213,0.234,-0.027000000000000024,0.239,-0.03,0.426,0.302,-0.038,-0.033,4.82,25.3
Eugenio Suarez,Reds,63,261,14,32,40,1,9.6 %,23.8 %,0.24,0.299,0.266,0.341,0.507,0.353,117,-3.3,2.6,2.9,1.4,0.278,0.233,0.033,0.244,0.021,0.441,0.33399999999999996,0.059000000000000004,0.021,4.71,25.9
Wilmer Difo,Nationals,39,134,2,14,7,0,9.0 %,20.1 %,0.066,0.28300000000000003,0.231,0.301,0.298,0.258,55,-0.8,-8.6,-0.2,-0.4,0.231,0.233,-0.0020000000000000018,0.225,0.006,0.29,0.257,0.008,0.004,4.33,27.9
Austin Barnes,Dodgers,41,142,4,17,15,2,12.0 %,20.4 %,0.158,0.261,0.225,0.33799999999999997,0.38299999999999995,0.309,94,-0.3,-1.3,3.8,0.7,0.231,0.232,-0.007000000000000006,0.212,0.008,0.317,0.284,0.057,0.022000000000000002,4.48,27.0
Brandon Lowe,Rays,56,229,11,29,38,3,6.6 %,33.6 %,0.233,0.39,0.281,0.336,0.514,0.35600000000000004,128,3.0,10.9,-0.3,1.8,0.278,0.232,0.049000000000000016,0.248,0.04,0.496,0.348,0.048,0.027999999999999997,4.25,27.8
Buster Posey,Giants,46,168,3,18,18,0,8.9 %,15.5 %,0.151,0.29,0.257,0.321,0.408,0.313,96,-2.1,-3.0,10.0,1.2,0.257,0.232,0.024999999999999994,0.262,-0.005,0.45399999999999996,0.34,-0.046,-0.023,4.9,24.1
Michael Chavis,Red Sox,44,188,10,23,30,2,10.1 %,31.9 %,0.21100000000000002,0.33299999999999996,0.253,0.34,0.46399999999999997,0.342,110,-1.3,1.1,0.0,0.8,0.257,0.232,0.02099999999999999,0.226,0.021,0.433,0.324,0.02,0.016,4.4,28.0
Brian Anderson,Marlins,61,263,7,21,27,4,9.5 %,23.2 %,0.142,0.295,0.24100000000000002,0.32299999999999995,0.384,0.306,93,1.1,-1.2,1.3,0.8,0.24,0.232,0.009000000000000008,0.265,-0.024,0.449,0.348,-0.069,-0.039,4.41,26.9
Joe Panik,Giants,57,234,3,22,19,3,9.4 %,10.7 %,0.096,0.258,0.24,0.316,0.337,0.28800000000000003,79,-1.8,-8.0,3.0,0.3,0.242,0.232,0.00799999999999998,0.247,-0.006,0.379,0.314,-0.039,-0.023,4.53,25.5
Hanser Alberto,Orioles,50,186,3,16,14,4,2.2 %,10.2 %,0.084,0.321,0.302,0.317,0.385,0.301,87,1.6,-1.5,0.3,0.5,0.302,0.232,0.06999999999999998,0.261,0.05,0.335,0.27,0.057999999999999996,0.042,4.35,26.7
Ramon Laureano,Athletics,65,251,8,35,23,6,5.2 %,26.7 %,0.16,0.327,0.26,0.307,0.42,0.309,95,1.6,0.0,-0.2,0.9,0.264,0.232,0.027999999999999997,0.262,0.002,0.42200000000000004,0.32,-0.001,-0.005,4.24,28.6
Byron Buxton,Twins,60,208,7,35,34,10,6.7 %,22.6 %,0.251,0.321,0.267,0.32,0.518,0.348,117,2.1,6.5,6.6,2.0,0.263,0.231,0.036000000000000004,0.249,0.021,0.42700000000000005,0.313,0.10400000000000001,0.046,3.98,30.4
Jesus Aguilar,Brewers,56,175,4,13,23,0,12.6 %,24.6 %,0.11599999999999999,0.235,0.192,0.297,0.308,0.27,63,-2.1,-10.4,-3.6,-0.8,0.187,0.23,-0.038000000000000006,0.23600000000000002,-0.040999999999999995,0.408,0.327,-0.099,-0.051,4.97,23.2
Kole Calhoun,Angels,61,256,13,38,35,3,11.3 %,21.5 %,0.243,0.256,0.239,0.32899999999999996,0.48200000000000004,0.33799999999999997,116,1.5,6.4,-4.6,1.1,0.238,0.228,0.010999999999999982,0.259,-0.02,0.506,0.36200000000000004,-0.024,-0.019,4.5,25.9
Ryan McMahon,Rockies,45,165,6,25,22,1,12.1 %,26.1 %,0.172,0.302,0.24100000000000002,0.33299999999999996,0.414,0.32299999999999995,85,1.6,-1.6,-0.5,0.3,0.245,0.228,0.013000000000000012,0.233,0.006999999999999999,0.409,0.324,0.002,0.004,4.48,26.3
Starlin Castro,Marlins,62,261,4,19,26,1,5.0 %,14.6 %,0.08199999999999999,0.252,0.23,0.264,0.313,0.249,56,-2.3,-17.2,1.8,-0.7,0.233,0.228,0.0020000000000000018,0.255,-0.022000000000000002,0.371,0.294,-0.057999999999999996,-0.040999999999999995,4.35,27.1
Jorge Soler,Royals,64,262,16,30,43,0,5.7 %,30.2 %,0.26,0.275,0.23600000000000002,0.28600000000000003,0.496,0.325,102,0.2,0.8,-6.8,0.3,0.239,0.228,0.008000000000000007,0.243,-0.002,0.507,0.342,0.003,-0.003,4.42,27.3
Matt Adams,Nationals,43,113,6,15,19,0,4.4 %,34.5 %,0.23399999999999999,0.317,0.243,0.27399999999999997,0.47700000000000004,0.311,90,-0.1,-1.6,-3.4,-0.1,0.238,0.227,0.015999999999999986,0.24100000000000002,0.011000000000000001,0.478,0.332,-0.001,-0.011000000000000001,4.64,26.0
Miguel Rojas,Marlins,60,226,0,19,17,5,7.5 %,12.8 %,0.049,0.303,0.265,0.32299999999999995,0.314,0.27899999999999997,75,-2.0,-9.2,4.1,0.2,0.267,0.227,0.038000000000000006,0.26,0.009000000000000001,0.345,0.3,-0.023,-0.013000000000000001,4.5,26.5
Josh Harrison,Tigers,36,146,1,10,8,4,4.1 %,17.8 %,0.08800000000000001,0.207,0.17600000000000002,0.21899999999999997,0.265,0.21100000000000002,26,-0.6,-14.1,3.2,-0.6,0.176,0.227,-0.05099999999999999,0.23399999999999999,-0.057999999999999996,0.375,0.282,-0.11,-0.069,4.28,27.2
Freddy Galvis,Blue Jays,59,235,9,25,25,2,4.7 %,23.8 %,0.174,0.28300000000000003,0.24100000000000002,0.27699999999999997,0.415,0.29100000000000004,81,-0.9,-6.5,1.2,0.3,0.249,0.226,0.015000000000000013,0.23,0.011000000000000001,0.36700000000000005,0.273,0.045,0.021,,25.7
Alex Gordon,Royals,61,261,10,39,39,3,8.4 %,15.7 %,0.213,0.303,0.284,0.365,0.498,0.36200000000000004,127,0.8,9.7,-0.3,1.8,0.281,0.226,0.05799999999999997,0.256,0.023,0.447,0.348,0.042,0.013000000000000001,4.55,25.5
Andrew McCutchen,Phillies,59,262,10,45,29,2,16.4 %,21.0 %,0.201,0.299,0.256,0.37799999999999995,0.457,0.36,124,0.1,8.4,0.2,1.7,0.256,0.226,0.03,0.25,0.006,0.42700000000000005,0.354,0.03,0.011000000000000001,4.32,28.8
Juan Soto,Nationals,54,236,10,36,38,3,14.0 %,22.9 %,0.22399999999999998,0.348,0.289,0.39,0.512,0.38299999999999995,137,-1.7,9.5,-8.3,0.9,0.29,0.225,0.06399999999999997,0.268,0.015,0.508,0.37799999999999995,-0.006,0.003,4.28,27.2
Curtis Granderson,Marlins,54,185,6,24,14,0,10.8 %,27.6 %,0.174,0.23600000000000002,0.193,0.28600000000000003,0.366,0.281,77,-4.5,-10.1,-1.6,-0.6,0.188,0.224,-0.031,0.215,-0.026000000000000002,0.391,0.312,-0.031,-0.032,4.34,26.7
Evan Longoria,Giants,57,217,7,22,23,2,9.2 %,20.3 %,0.175,0.257,0.22699999999999998,0.304,0.402,0.303,89,0.6,-2.4,2.3,0.7,0.222,0.224,0.002999999999999975,0.254,-0.026000000000000002,0.455,0.34,-0.054000000000000006,-0.031,4.51,26.6
Gleyber Torres,Yankees,59,247,14,35,32,3,6.5 %,23.5 %,0.243,0.312,0.27899999999999997,0.325,0.522,0.35100000000000003,120,-1.5,4.6,2.3,1.5,0.283,0.223,0.055999999999999966,0.25,0.024,0.46399999999999997,0.326,0.049,0.025,4.5,26.8
Asdrubal Cabrera,Rangers,55,218,9,30,35,1,10.6 %,21.1 %,0.188,0.28300000000000003,0.251,0.335,0.44,0.331,100,-0.7,-0.6,0.6,0.7,0.244,0.223,0.027999999999999997,0.226,0.034,0.369,0.304,0.095,0.043,4.81,25.3
Brett Gardner,Yankees,59,232,8,34,21,6,9.1 %,15.1 %,0.188,0.223,0.217,0.293,0.406,0.298,84,1.4,-3.3,1.2,0.6,0.23,0.223,-0.006000000000000005,0.23,-0.013000000000000001,0.317,0.27899999999999997,0.098,0.025,4.04,29.0
Wilson Ramos,Mets,59,210,7,30,34,0,10.5 %,15.7 %,0.14,0.306,0.28,0.35700000000000004,0.419,0.33,110,-3.2,-0.6,-0.1,0.6,0.278,0.223,0.05700000000000002,0.268,0.012,0.444,0.33799999999999997,-0.025,-0.004,5.05,22.9
Kevin Newman,Pirates,37,127,2,11,15,1,6.3 %,15.7 %,0.12,0.344,0.299,0.34600000000000003,0.419,0.326,103,-0.4,0.2,-0.1,0.4,0.31,0.222,0.07699999999999999,0.275,0.024,0.364,0.305,0.055,0.027999999999999997,4.3,28.4
Andrelton Simmons,Angels,46,195,3,22,21,5,3.1 %,7.7 %,0.11699999999999999,0.312,0.298,0.32299999999999995,0.415,0.316,101,-0.2,-0.1,5.9,1.2,0.298,0.222,0.07599999999999998,0.252,0.046,0.35,0.276,0.065,0.044000000000000004,4.61,26.9
Hunter Renfroe,Padres,58,192,18,26,35,3,7.3 %,27.1 %,0.36700000000000005,0.24100000000000002,0.249,0.302,0.616,0.373,135,-0.1,8.6,2.2,1.7,0.25,0.222,0.026999999999999996,0.237,0.006,0.49200000000000005,0.332,0.11,0.040999999999999995,4.43,27.0
Ian Desmond,Rockies,58,207,6,26,24,1,8.7 %,28.0 %,0.204,0.317,0.242,0.314,0.446,0.322,84,-2.0,-6.3,-1.1,-0.1,0.238,0.222,0.01999999999999999,0.256,-0.013999999999999999,0.461,0.33899999999999997,-0.015,-0.012,4.42,27.3
Niko Goodrum,Tigers,57,242,6,34,18,7,10.3 %,26.4 %,0.16399999999999998,0.308,0.23800000000000002,0.318,0.402,0.31,93,3.8,1.7,-0.5,1.0,0.244,0.221,0.017000000000000015,0.25,-0.015,0.424,0.332,-0.027999999999999997,-0.021,4.3,29.0
Eric Thames,Brewers,59,167,8,27,26,1,15.6 %,34.7 %,0.217,0.35600000000000004,0.24600000000000002,0.371,0.46399999999999997,0.35700000000000004,120,0.9,5.2,-4.2,0.6,0.248,0.221,0.025000000000000022,0.212,0.042,0.406,0.332,0.065,0.035,,25.8
Jorge Alfaro,Marlins,49,187,9,21,25,1,4.3 %,33.7 %,0.184,0.373,0.27,0.321,0.45399999999999996,0.33,109,-1.5,0.6,3.8,1.0,0.282,0.22,0.05000000000000002,0.24,0.028999999999999998,0.446,0.318,0.005,0.015,4.31,28.8
Brandon Drury,Blue Jays,51,201,6,21,17,0,5.0 %,28.9 %,0.17,0.294,0.22899999999999998,0.26899999999999996,0.39899999999999997,0.282,74,1.6,-4.8,-1.6,0.1,0.225,0.22,0.00899999999999998,0.25,-0.025,0.431,0.318,-0.038,-0.036000000000000004,4.46,26.7
Martin Prado,Marlins,48,154,1,15,11,0,3.9 %,13.6 %,0.062,0.262,0.233,0.26,0.295,0.24,50,-1.7,-11.6,-0.7,-0.7,0.239,0.219,0.014000000000000012,0.254,-0.017,0.319,0.264,-0.016,-0.017,4.69,25.5
Ronald Acuna Jr.,Braves,63,280,13,39,38,8,9.6 %,23.6 %,0.196,0.337,0.282,0.365,0.478,0.358,121,2.0,9.5,3.2,2.1,0.281,0.219,0.06299999999999997,0.293,-0.013999999999999999,0.5589999999999999,0.396,-0.077,-0.032,4.24,29.0
Christian Walker,Diamondbacks,61,247,11,33,25,3,8.5 %,29.6 %,0.23199999999999998,0.336,0.259,0.32799999999999996,0.491,0.342,110,1.6,4.9,-2.0,1.1,0.258,0.219,0.04000000000000001,0.263,-0.006999999999999999,0.525,0.365,-0.04,-0.019,4.59,27.1
Greg Garcia,Padres,47,136,2,21,12,0,12.5 %,25.0 %,0.11900000000000001,0.337,0.254,0.34600000000000003,0.373,0.315,97,0.8,0.3,-0.2,0.4,0.252,0.219,0.035,0.222,0.032,0.299,0.282,0.07,0.034,4.26,27.6
Mike Zunino,Rays,32,120,3,12,17,0,5.0 %,26.7 %,0.152,0.23399999999999999,0.188,0.242,0.33899999999999997,0.25,55,0.0,-6.7,3.7,0.1,0.196,0.218,-0.03,0.22399999999999998,-0.036000000000000004,0.44799999999999995,0.309,-0.109,-0.055999999999999994,4.55,26.0
Stephen Piscotty,Athletics,61,270,8,31,28,2,8.5 %,21.5 %,0.156,0.302,0.255,0.32,0.41200000000000003,0.313,98,1.8,1.2,-1.4,0.9,0.265,0.217,0.038000000000000006,0.249,0.009000000000000001,0.43,0.324,-0.019,-0.006,4.57,26.0
Aledmys Diaz,Astros,32,109,5,17,22,0,6.4 %,11.9 %,0.22399999999999998,0.27399999999999997,0.28600000000000003,0.321,0.51,0.341,118,0.5,3.0,-1.2,0.5,0.286,0.217,0.06900000000000003,0.26,0.026000000000000002,0.42200000000000004,0.321,0.08800000000000001,0.025,4.26,28.4
Jason Kipnis,Indians,46,195,2,11,15,4,7.2 %,16.9 %,0.09,0.257,0.22,0.275,0.311,0.256,53,-0.2,-11.7,0.9,-0.4,0.216,0.217,0.0030000000000000027,0.268,-0.05,0.392,0.314,-0.085,-0.057999999999999996,4.36,26.7
Leury Garcia,White Sox,56,233,2,41,18,7,3.9 %,23.6 %,0.069,0.373,0.287,0.325,0.35600000000000004,0.297,86,1.4,-2.7,2.5,0.8,0.291,0.216,0.07099999999999998,0.249,0.032,0.35,0.282,-0.002,0.011000000000000001,4.16,28.3
Jason Heyward,Cubs,59,240,9,30,23,4,13.8 %,16.7 %,0.172,0.261,0.245,0.35,0.41700000000000004,0.32799999999999996,103,-0.4,0.4,-2.0,0.6,0.245,0.216,0.028999999999999998,0.266,-0.015,0.38,0.32899999999999996,0.04,0.006,4.33,27.3
Cole Tucker,Pirates,38,120,2,11,9,0,5.8 %,28.3 %,0.125,0.263,0.196,0.244,0.321,0.24,47,0.5,-7.8,2.3,-0.2,0.194,0.216,-0.01999999999999999,0.23600000000000002,-0.04,0.35600000000000004,0.27699999999999997,-0.035,-0.033,4.14,28.7
Ronny Rodriguez,Tigers,40,149,6,17,20,2,4.7 %,30.2 %,0.245,0.264,0.21600000000000003,0.248,0.46,0.289,79,1.5,-2.3,0.1,0.3,0.214,0.216,2.7755575615628914e-17,0.21899999999999997,-0.005,0.441,0.301,0.016,-0.008,4.4,27.1
Jordan Luplow,Indians,36,115,8,20,17,2,8.7 %,27.8 %,0.28800000000000003,0.292,0.26,0.322,0.5479999999999999,0.359,123,0.1,3.4,0.2,0.8,0.237,0.215,0.04500000000000001,0.249,-0.001,0.45899999999999996,0.332,0.064,0.019,4.33,28.6
Johan Camargo,Braves,49,123,2,14,14,1,5.7 %,17.9 %,0.121,0.25,0.21600000000000003,0.26,0.336,0.253,52,0.6,-7.0,-1.9,-0.5,0.221,0.215,0.0010000000000000286,0.23199999999999998,-0.01,0.325,0.261,0.017,0.001,4.4,25.5
Andrew Benintendi,Red Sox,58,273,6,32,26,7,11.4 %,23.8 %,0.15,0.33899999999999997,0.266,0.358,0.41600000000000004,0.33399999999999996,105,2.2,3.9,-1.8,1.1,0.259,0.215,0.05100000000000002,0.248,0.018000000000000002,0.447,0.34299999999999997,-0.031,-0.005,4.35,26.4
Roberto Perez,Indians,45,161,11,17,25,0,12.4 %,27.3 %,0.265,0.253,0.235,0.33299999999999996,0.5,0.349,116,-0.8,2.5,4.0,1.2,0.22,0.214,0.02099999999999999,0.251,-0.019,0.539,0.382,-0.046,-0.027000000000000003,4.87,24.7
Amed Rosario,Mets,61,257,8,23,33,5,5.4 %,24.1 %,0.174,0.302,0.248,0.289,0.42100000000000004,0.299,90,-0.2,-3.6,-2.9,0.2,0.251,0.214,0.034,0.275,-0.026000000000000002,0.414,0.316,0.006,-0.011000000000000001,4.15,29.3
Enrique Hernandez,Dodgers,59,225,10,26,32,0,8.4 %,23.6 %,0.184,0.23399999999999999,0.214,0.284,0.39799999999999996,0.289,81,1.2,-4.2,2.7,0.6,0.224,0.214,0.0,0.239,-0.024,0.428,0.318,-0.033,-0.026000000000000002,4.43,27.3
Billy McKinney,Blue Jays,41,153,3,17,9,0,5.9 %,22.2 %,0.14300000000000002,0.26899999999999996,0.221,0.272,0.364,0.272,68,-1.4,-7.5,-3.1,-0.5,0.221,0.214,0.007000000000000006,0.228,-0.006999999999999999,0.341,0.272,0.023,0.004,4.29,27.2
Brian Dozier,Nationals,61,223,10,23,23,1,10.3 %,25.1 %,0.19399999999999998,0.275,0.235,0.32299999999999995,0.429,0.322,97,-0.9,-1.7,0.7,0.6,0.223,0.213,0.021999999999999992,0.215,0.015,0.40700000000000003,0.313,0.013000000000000001,0.008,4.47,27.0
Robinson Chirinos,Astros,49,190,10,31,29,0,14.7 %,23.7 %,0.273,0.276,0.247,0.38299999999999995,0.52,0.38,145,0.0,10.7,-2.0,1.5,0.245,0.213,0.034,0.191,0.049,0.385,0.32299999999999995,0.121,0.054000000000000006,,25.2
Jake Marisnick,Astros,53,147,6,23,17,4,5.4 %,30.6 %,0.22699999999999998,0.321,0.242,0.31,0.47,0.33,111,0.9,2.9,4.6,1.2,0.267,0.212,0.03,0.21600000000000003,0.026000000000000002,0.375,0.292,0.095,0.043,4.18,29.3
JaCoby Jones,Tigers,50,179,8,18,20,6,7.3 %,30.2 %,0.20600000000000002,0.32299999999999995,0.25,0.32,0.456,0.325,104,0.9,1.7,-5.6,0.2,0.236,0.211,0.03900000000000001,0.256,-0.006,0.45799999999999996,0.335,-0.001,-0.005,4.39,28.2
Joey Votto,Reds,57,246,5,31,12,1,11.0 %,22.4 %,0.126,0.321,0.256,0.34600000000000003,0.381,0.316,93,0.4,-1.9,-4.3,0.2,0.251,0.211,0.04500000000000001,0.23600000000000002,0.02,0.39799999999999996,0.318,-0.019,0.001,4.76,25.3
Mike Tauchman,Yankees,34,108,4,16,13,1,12.0 %,30.6 %,0.2,0.276,0.21100000000000002,0.306,0.41100000000000003,0.308,91,0.2,-1.1,1.5,0.4,0.211,0.211,2.7755575615628914e-17,0.205,0.006,0.353,0.29100000000000004,0.057999999999999996,0.021,4.24,27.6
Jarrod Dyson,Diamondbacks,50,171,3,29,13,14,11.7 %,20.5 %,0.107,0.321,0.262,0.35100000000000003,0.369,0.317,94,3.3,2.0,0.6,0.8,0.259,0.211,0.05100000000000002,0.24600000000000002,0.015,0.31,0.292,0.055999999999999994,0.026000000000000002,4.09,28.5
John Hicks,Tigers,33,118,3,8,9,1,5.1 %,28.8 %,0.153,0.267,0.207,0.24600000000000002,0.36,0.257,57,-2.1,-8.5,0.5,-0.4,0.221,0.21,-0.0030000000000000027,0.2,0.017,0.32,0.245,0.054000000000000006,0.025,4.35,26.6
Adalberto Mondesi,Royals,63,277,6,37,44,24,5.4 %,26.4 %,0.191,0.35700000000000004,0.27699999999999997,0.312,0.469,0.324,102,3.5,4.1,6.0,2.0,0.285,0.209,0.06799999999999998,0.243,0.03,0.39799999999999996,0.303,0.064,0.021,4.1,30.0
Kevin Pillar,- - -,63,243,6,26,28,6,2.9 %,16.5 %,0.131,0.23,0.214,0.243,0.345,0.245,51,1.8,-13.4,-1.6,-0.7,0.219,0.209,0.0050000000000000044,0.23,-0.015,0.35200000000000004,0.266,-0.009000000000000001,-0.017,4.33,27.8
Brandon Nimmo,Mets,43,161,3,20,14,1,16.1 %,29.8 %,0.12300000000000001,0.28800000000000003,0.2,0.344,0.32299999999999995,0.301,91,1.4,-0.5,-1.8,0.3,0.2,0.208,-0.00799999999999998,0.20600000000000002,-0.006,0.307,0.305,0.016,-0.001,4.23,28.3
Ji-Man Choi,Rays,51,209,6,22,23,1,10.0 %,21.5 %,0.159,0.336,0.28,0.359,0.44,0.342,118,-0.5,4.2,-3.8,0.8,0.265,0.208,0.07200000000000004,0.256,0.027000000000000003,0.413,0.33,0.027000000000000003,0.017,4.4,25.4
Jurickson Profar,Athletics,60,245,9,27,35,4,6.5 %,14.3 %,0.17,0.204,0.205,0.26899999999999996,0.375,0.275,72,1.0,-7.6,-2.7,-0.2,0.196,0.207,-0.0020000000000000018,0.23399999999999999,-0.028999999999999998,0.39399999999999996,0.3,-0.019,-0.021,4.34,27.1
Rowdy Tellez,Blue Jays,54,195,9,19,25,0,5.6 %,28.7 %,0.19399999999999998,0.267,0.222,0.27699999999999997,0.41700000000000004,0.292,81,-1.3,-5.8,-5.3,-0.4,0.233,0.207,0.015000000000000013,0.256,-0.034,0.467,0.331,-0.05,-0.034,4.8,24.8
Austin Hedges,Padres,46,162,6,12,17,0,5.6 %,31.5 %,0.142,0.242,0.18899999999999997,0.259,0.331,0.256,58,-0.4,-9.1,15.9,1.2,0.193,0.206,-0.017000000000000015,0.215,-0.026000000000000002,0.38,0.28800000000000003,-0.049,-0.028999999999999998,4.94,24.4
Nick Ahmed,Diamondbacks,64,257,4,31,25,4,7.8 %,19.5 %,0.139,0.315,0.265,0.32,0.40399999999999997,0.308,88,0.4,-3.7,7.6,1.2,0.267,0.205,0.060000000000000026,0.25,0.018000000000000002,0.36200000000000004,0.295,0.045,0.019,4.4,28.1
Willy Adames,Rays,58,232,6,28,18,3,8.6 %,25.9 %,0.138,0.319,0.248,0.316,0.386,0.304,92,1.8,-0.5,3.9,1.1,0.253,0.205,0.04300000000000001,0.23,0.012,0.37200000000000005,0.29600000000000004,0.005,0.006,4.23,28.2
Corey Seager,Dodgers,63,258,8,39,38,1,10.5 %,19.4 %,0.195,0.312,0.27,0.353,0.465,0.345,118,1.7,7.8,4.7,2.0,0.25,0.205,0.06500000000000003,0.23399999999999999,0.037000000000000005,0.40700000000000003,0.317,0.055999999999999994,0.032,4.48,27.0
Khris Davis,Athletics,51,208,12,26,31,0,8.2 %,26.0 %,0.21100000000000002,0.266,0.237,0.303,0.447,0.313,98,0.0,-0.5,-5.3,0.1,0.243,0.205,0.032,0.24600000000000002,-0.005,0.478,0.332,-0.016,-0.006999999999999999,4.84,25.8
Tim Beckham,Mariners,55,205,11,26,33,1,5.9 %,30.7 %,0.24100000000000002,0.299,0.24100000000000002,0.293,0.48200000000000004,0.324,108,-2.0,0.0,-4.3,0.3,0.241,0.203,0.038000000000000006,0.22399999999999998,0.016,0.415,0.3,0.065,0.027999999999999997,4.47,26.7
Manuel Margot,Padres,58,147,2,14,10,6,5.4 %,23.1 %,0.08,0.304,0.239,0.281,0.319,0.262,62,1.1,-6.0,2.0,0.1,0.23,0.203,0.035999999999999976,0.225,0.009000000000000001,0.308,0.254,0.004,0.006,4.27,28.3
Victor Robles,Nationals,62,247,9,37,25,9,5.7 %,25.9 %,0.184,0.28800000000000003,0.235,0.309,0.419,0.31,89,1.9,-1.5,-3.6,0.3,0.241,0.203,0.03199999999999997,0.215,0.02,0.36200000000000004,0.287,0.057,0.027999999999999997,4.2,29.5
Albert Almora Jr.,Cubs,59,197,7,25,20,2,5.6 %,15.2 %,0.171,0.271,0.254,0.301,0.425,0.305,88,0.7,-2.4,4.2,0.8,0.253,0.202,0.05199999999999999,0.25,0.003,0.376,0.29100000000000004,0.047,0.017,4.29,28.3
Rio Ruiz,Orioles,57,198,4,15,16,0,9.6 %,22.2 %,0.096,0.29,0.23600000000000002,0.308,0.331,0.282,74,-1.2,-7.6,3.9,0.3,0.24,0.202,0.034,0.228,0.005,0.331,0.284,-0.003,-0.001,4.63,25.7
Jose Peraza,Reds,59,183,5,18,14,5,6.0 %,14.8 %,0.11800000000000001,0.226,0.213,0.273,0.331,0.264,59,0.5,-9.1,4.0,0.1,0.213,0.2,0.012999999999999984,0.24,-0.026000000000000002,0.32899999999999996,0.278,0.0,-0.011000000000000001,4.32,27.9
Eloy Jimenez,White Sox,39,154,7,14,16,0,5.8 %,30.5 %,0.174,0.289,0.22899999999999998,0.27899999999999997,0.40299999999999997,0.29100000000000004,82,-0.1,-3.5,-5.5,-0.4,0.224,0.2,0.02899999999999997,0.23199999999999998,0.003,0.41100000000000003,0.299,0.019,0.008,4.43,27.1
Stevie Wilkerson,Orioles,38,139,5,15,15,1,5.8 %,31.7 %,0.163,0.3,0.225,0.281,0.38799999999999996,0.287,77,-0.5,-4.5,-0.5,0.0,0.235,0.2,0.024999999999999994,0.18899999999999997,0.031,0.3,0.243,0.079,0.042,,28.1
Teoscar Hernandez,Blue Jays,43,157,4,15,18,3,8.3 %,29.9 %,0.133,0.258,0.196,0.261,0.32899999999999996,0.253,55,0.1,-8.7,2.6,-0.1,0.189,0.2,-0.0040000000000000036,0.207,-0.01,0.377,0.282,-0.044000000000000004,-0.024,4.22,29.0
Yasiel Puig,Reds,58,234,11,23,33,9,5.6 %,25.2 %,0.174,0.233,0.21100000000000002,0.256,0.385,0.27,63,0.4,-10.9,-1.1,-0.4,0.21,0.198,0.013000000000000012,0.242,-0.035,0.45,0.312,-0.07200000000000001,-0.042,4.4,27.8
Steven Duggar,Giants,59,240,3,22,26,1,5.4 %,27.9 %,0.10800000000000001,0.321,0.23800000000000002,0.27899999999999997,0.345,0.268,66,-1.2,-11.6,1.1,-0.3,0.245,0.197,0.04100000000000001,0.23399999999999999,0.002,0.336,0.27399999999999997,0.006,-0.003,4.19,28.2
Yan Gomes,Nationals,42,150,2,9,17,0,8.0 %,26.0 %,0.08900000000000001,0.309,0.23,0.307,0.319,0.276,67,-0.5,-6.9,3.8,0.2,0.225,0.197,0.033,0.22,0.01,0.326,0.27699999999999997,-0.009000000000000001,0.0,4.54,26.8
Wil Myers,Padres,63,226,11,32,22,7,11.5 %,36.7 %,0.20199999999999999,0.317,0.222,0.319,0.424,0.32,100,-0.3,-0.3,-0.2,0.7,0.228,0.197,0.024999999999999994,0.228,-0.006999999999999999,0.426,0.32799999999999996,-0.004,-0.005,4.31,28.6
Billy Hamilton,Royals,54,191,0,24,6,11,9.4 %,23.0 %,0.053,0.307,0.22899999999999998,0.302,0.282,0.262,60,3.2,-6.5,2.9,0.3,0.231,0.196,0.032999999999999974,0.247,-0.019,0.281,0.278,0.0,-0.011000000000000001,3.93,29.6
Daniel Robertson,Rays,53,189,2,21,15,1,10.6 %,24.3 %,0.085,0.27399999999999997,0.20600000000000002,0.307,0.29100000000000004,0.272,70,-2.4,-9.5,0.5,-0.2,0.204,0.196,0.010000000000000009,0.20600000000000002,-0.002,0.285,0.273,0.002,-0.002,4.51,27.0
Dee Gordon,Mariners,45,173,3,16,19,12,4.0 %,14.5 %,0.08800000000000001,0.311,0.281,0.31,0.369,0.29100000000000004,86,2.9,-0.2,-0.8,0.5,0.281,0.196,0.08500000000000002,0.25,0.031,0.309,0.267,0.06,0.027999999999999997,4.07,27.5
Ryon Healy,Mariners,47,187,7,24,26,0,7.0 %,21.4 %,0.21899999999999997,0.262,0.237,0.289,0.456,0.31,98,-2.4,-2.8,-5.5,-0.2,0.237,0.196,0.04099999999999998,0.23399999999999999,0.003,0.42700000000000005,0.316,0.028999999999999998,-0.001,4.61,25.9
Odubel Herrera,Phillies,39,139,1,12,16,2,7.9 %,23.7 %,0.11900000000000001,0.29,0.222,0.28800000000000003,0.341,0.27399999999999997,67,0.5,-5.3,-1.9,-0.3,0.222,0.194,0.027999999999999997,0.226,-0.004,0.325,0.27399999999999997,0.016,0.003,4.25,26.7
Danny Jansen,Blue Jays,46,159,2,8,11,0,10.1 %,23.9 %,0.079,0.20800000000000002,0.16399999999999998,0.253,0.243,0.226,37,0.1,-12.4,8.3,0.1,0.163,0.194,-0.030000000000000027,0.24,-0.065,0.371,0.309,-0.11199999999999999,-0.069,4.45,27.5
Rougned Odor,Rangers,49,199,7,26,26,4,7.5 %,32.2 %,0.14800000000000002,0.207,0.165,0.23199999999999998,0.313,0.237,37,-1.0,-16.7,1.0,-0.9,0.167,0.193,-0.027999999999999997,0.207,-0.03,0.385,0.28800000000000003,-0.052000000000000005,-0.033,4.2,27.4
Marcus Semien,Athletics,66,301,9,41,32,5,12.0 %,15.3 %,0.159,0.3,0.273,0.359,0.43200000000000005,0.34,116,-0.6,5.6,11.2,2.7,0.252,0.193,0.08000000000000002,0.251,0.021,0.39799999999999996,0.326,0.035,0.019,4.35,27.7
Daniel Murphy,Rockies,39,146,5,15,32,0,8.2 %,15.8 %,0.195,0.27399999999999997,0.256,0.315,0.451,0.324,85,-0.1,-2.9,-3.3,-0.1,0.25,0.192,0.064,0.217,0.033,0.33,0.271,0.111,0.051,4.43,25.6
Josh Donaldson,Braves,60,248,8,35,25,1,14.5 %,28.2 %,0.18600000000000003,0.326,0.243,0.359,0.429,0.342,110,-0.5,2.9,-0.8,1.0,0.253,0.19,0.05299999999999999,0.244,-0.006999999999999999,0.44299999999999995,0.353,-0.024,-0.012,4.4,25.6
Daniel Descalso,Cubs,53,154,2,17,14,1,11.7 %,26.6 %,0.09699999999999999,0.261,0.19399999999999998,0.28800000000000003,0.29100000000000004,0.26,58,-1.9,-10.3,-0.2,-0.5,0.198,0.19,0.003999999999999976,0.203,-0.009000000000000001,0.309,0.276,-0.018000000000000002,-0.013999999999999999,4.42,26.4
Jake Bauers,Indians,60,226,6,25,21,2,10.6 %,26.1 %,0.131,0.267,0.21100000000000002,0.301,0.342,0.28300000000000003,71,0.9,-7.2,-6.0,-0.5,0.218,0.19,0.02100000000000002,0.207,0.005,0.34,0.284,0.015,0.006999999999999999,4.25,27.4
Gregory Polanco,Pirates,35,147,6,20,17,2,7.5 %,27.2 %,0.201,0.318,0.254,0.315,0.455,0.324,102,0.1,0.5,-5.2,0.0,0.244,0.19,0.064,0.22899999999999998,0.021,0.39799999999999996,0.301,0.051,0.026000000000000002,4.36,26.8
Mark Reynolds,Rockies,55,121,4,11,17,1,13.2 %,32.2 %,0.17800000000000002,0.233,0.17800000000000002,0.298,0.35600000000000004,0.287,60,-0.6,-6.7,-0.4,-0.3,0.177,0.188,-0.009999999999999981,0.175,0.001,0.327,0.28800000000000003,0.026000000000000002,0.0,,25.4
Jonathan Villar,Orioles,64,270,7,36,25,12,7.4 %,23.0 %,0.15,0.309,0.252,0.31,0.402,0.305,90,2.8,-0.6,-1.9,0.7,0.255,0.188,0.064,0.231,0.022000000000000002,0.34299999999999997,0.281,0.059000000000000004,0.03,4.24,27.6
Ender Inciarte,Braves,40,140,2,13,9,3,8.6 %,19.3 %,0.105,0.26,0.218,0.3,0.32299999999999995,0.27,63,1.7,-5.0,0.4,0.0,0.218,0.187,0.031,0.23600000000000002,-0.018000000000000002,0.299,0.276,0.024,-0.003,4.21,26.3
Delino DeShields,Rangers,39,138,1,15,12,10,14.5 %,18.1 %,0.08,0.299,0.24100000000000002,0.363,0.321,0.311,87,0.4,-2.0,1.1,0.4,0.194,0.185,0.05600000000000002,0.235,0.006,0.326,0.314,-0.005,-0.001,4.18,29.5
Yolmer Sanchez,White Sox,55,189,1,17,13,2,9.5 %,23.3 %,0.055,0.33899999999999997,0.255,0.337,0.309,0.29100000000000004,82,1.4,-2.8,0.6,0.4,0.258,0.185,0.07,0.22399999999999998,0.025,0.294,0.27699999999999997,0.008,0.01,4.29,27.3
Hernan Perez,Brewers,47,123,5,16,10,3,5.7 %,28.5 %,0.18100000000000002,0.316,0.25,0.293,0.431,0.307,87,-1.0,-3.0,1.3,0.2,0.261,0.185,0.065,0.213,0.055999999999999994,0.318,0.256,0.127,0.07200000000000001,4.42,27.0
Mitch Haniger,Mariners,63,283,15,46,32,4,10.6 %,28.6 %,0.244,0.257,0.22,0.314,0.46299999999999997,0.32799999999999996,110,0.5,4.1,-1.9,1.2,0.226,0.185,0.035,0.21899999999999997,0.001,0.433,0.324,0.03,0.009000000000000001,4.48,27.1
Kolten Wong,Cardinals,61,232,6,23,27,10,9.9 %,16.4 %,0.139,0.256,0.23399999999999999,0.32299999999999995,0.373,0.299,86,3.6,-0.7,2.7,0.9,0.237,0.184,0.04999999999999999,0.22699999999999998,0.008,0.33399999999999996,0.29,0.043,0.016,4.22,27.5
Tyler White,Astros,43,149,1,10,9,0,12.8 %,31.5 %,0.071,0.32899999999999996,0.22,0.315,0.29100000000000004,0.273,73,-0.4,-5.5,-3.1,-0.3,0.211,0.183,0.037000000000000005,0.196,0.024,0.303,0.273,-0.012,0.003,4.77,25.1
Chris Davis,Orioles,47,158,5,11,18,0,8.2 %,39.9 %,0.14,0.24,0.161,0.24100000000000002,0.301,0.23600000000000002,43,0.5,-10.8,-2.4,-0.8,0.164,0.182,-0.02099999999999999,0.18600000000000003,-0.025,0.36,0.271,-0.059000000000000004,-0.032,4.8,24.6
Justin Bour,Angels,30,112,4,10,14,0,11.6 %,27.7 %,0.153,0.19,0.163,0.268,0.316,0.26,63,0.1,-5.2,-1.6,-0.3,0.163,0.181,-0.017999999999999988,0.17300000000000001,-0.01,0.32799999999999996,0.273,-0.012,-0.01,4.86,23.8
Jesse Winker,Reds,57,213,10,30,18,0,8.5 %,16.4 %,0.204,0.24,0.23600000000000002,0.315,0.44,0.319,95,-3.8,-5.2,-3.7,-0.2,0.236,0.181,0.05500000000000002,0.264,-0.027000000000000003,0.45,0.342,-0.012,-0.019,4.66,25.4
Willson Contreras,Cubs,57,218,13,32,35,1,11.5 %,27.5 %,0.262,0.35700000000000004,0.29,0.39399999999999996,0.552,0.395,147,-0.8,12.4,-2.1,1.7,0.291,0.181,0.10899999999999999,0.24100000000000002,0.042,0.47200000000000003,0.35600000000000004,0.068,0.037000000000000005,4.36,27.7
Tony Kemp,Astros,42,127,4,18,10,3,8.7 %,14.2 %,0.18899999999999997,0.231,0.225,0.302,0.414,0.301,91,-0.6,-2.0,3.2,0.6,0.229,0.181,0.04400000000000001,0.23,0.0,0.32899999999999996,0.284,0.087,0.027000000000000003,4.22,26.3
Carlos Gonzalez,- - -,34,133,2,16,9,0,9.8 %,30.1 %,0.068,0.28600000000000003,0.205,0.28600000000000003,0.27399999999999997,0.252,51,-0.4,-8.7,1.3,-0.3,0.216,0.178,0.026999999999999996,0.214,0.001,0.342,0.281,-0.036000000000000004,-0.013000000000000001,4.3,26.9
Zack Cozart,Angels,38,107,0,4,7,0,4.7 %,15.0 %,0.021,0.14300000000000002,0.124,0.17800000000000002,0.14400000000000002,0.15,-12,0.2,-14.8,1.7,-0.9,0.124,0.175,-0.05099999999999999,0.20800000000000002,-0.084,0.27399999999999997,0.249,-0.13,-0.098,4.55,25.9
Randal Grichuk,Blue Jays,63,262,12,33,25,1,6.9 %,27.1 %,0.195,0.27,0.228,0.28600000000000003,0.423,0.301,88,0.1,-4.0,-4.1,0.1,0.222,0.173,0.05500000000000002,0.20199999999999999,0.022000000000000002,0.371,0.276,0.045,0.025,4.41,28.0
Jackie Bradley Jr.,Red Sox,57,216,5,23,18,3,10.6 %,27.8 %,0.135,0.248,0.18899999999999997,0.294,0.324,0.27399999999999997,64,1.0,-8.7,-0.3,-0.1,0.186,0.172,0.016999999999999987,0.225,-0.028999999999999998,0.35,0.302,-0.017,-0.02,4.43,27.1
Ian Kinsler,Padres,54,189,7,21,13,1,6.9 %,16.4 %,0.17800000000000002,0.213,0.207,0.27,0.385,0.28,74,-2.7,-9.0,0.7,-0.2,0.2,0.172,0.035,0.203,0.005,0.301,0.252,0.081,0.031,4.62,26.2
Kevin Kiermaier,Rays,58,225,7,29,28,10,7.6 %,20.9 %,0.19,0.289,0.249,0.308,0.439,0.313,98,1.4,0.9,6.7,1.5,0.238,0.172,0.07700000000000001,0.25,-0.001,0.396,0.308,0.043,0.009000000000000001,4.01,29.4
Eduardo Nunez,Red Sox,38,114,2,9,15,5,2.6 %,15.8 %,0.083,0.256,0.22899999999999998,0.248,0.312,0.24,41,0.3,-8.0,-0.7,-0.5,0.227,0.17,0.05899999999999997,0.237,-0.016,0.306,0.247,-0.005,-0.012,4.31,28.2
Mark Canha,Athletics,39,129,10,20,18,0,14.7 %,20.9 %,0.324,0.23199999999999998,0.248,0.38,0.5710000000000001,0.395,154,-0.2,8.5,-2.6,1.0,0.231,0.169,0.07899999999999999,0.196,0.043,0.44299999999999995,0.33799999999999997,0.107,0.049,,26.9
Jose Altuve,Astros,39,164,9,21,21,1,11.0 %,15.2 %,0.22899999999999998,0.23399999999999999,0.243,0.32899999999999996,0.47200000000000003,0.33899999999999997,117,-1.4,2.1,-1.1,0.7,0.243,0.169,0.07399999999999998,0.249,-0.006,0.467,0.34600000000000003,0.005,-0.001,4.12,28.3
Orlando Arcia,Brewers,64,242,8,28,27,3,9.1 %,19.8 %,0.16399999999999998,0.299,0.259,0.326,0.423,0.317,94,-0.9,-2.7,-0.2,0.5,0.259,0.169,0.09,0.23399999999999999,0.023,0.369,0.293,0.05,0.026000000000000002,4.43,26.3
Garrett Hampson,Rockies,33,105,1,11,6,1,5.7 %,25.7 %,0.07200000000000001,0.243,0.18600000000000003,0.231,0.258,0.21,10,-0.1,-12.3,-1.3,-1.0,0.188,0.168,0.018000000000000016,0.20199999999999999,-0.016,0.23600000000000002,0.217,0.022000000000000002,-0.005,4.09,29.6
Ryan O'Hearn,Royals,54,205,5,17,17,0,12.2 %,25.4 %,0.135,0.23,0.185,0.28800000000000003,0.32,0.268,64,-1.6,-10.9,-4.7,-0.8,0.198,0.168,0.016999999999999987,0.20199999999999999,-0.017,0.348,0.29100000000000004,-0.027999999999999997,-0.02,4.46,27.2
Joey Rickard,Orioles,42,135,2,10,6,3,10.4 %,24.4 %,0.14400000000000002,0.265,0.203,0.304,0.34700000000000003,0.284,75,0.3,-3.9,-1.9,-0.1,0.203,0.164,0.03900000000000001,0.19699999999999998,0.006,0.282,0.265,0.065,0.022000000000000002,4.23,28.5
Jeimer Candelario,Tigers,42,177,2,18,9,2,11.3 %,28.2 %,0.09,0.25,0.179,0.27699999999999997,0.26899999999999996,0.24600000000000002,50,1.5,-9.7,2.0,-0.1,0.179,0.161,0.017999999999999988,0.193,-0.013999999999999999,0.297,0.264,-0.027999999999999997,-0.016,4.42,27.0
Rosell Herrera,Marlins,56,105,2,10,11,4,7.6 %,21.9 %,0.126,0.271,0.221,0.295,0.34700000000000003,0.278,75,0.8,-2.6,-3.5,-0.3,0.217,0.159,0.062,0.214,0.002,0.29,0.256,0.05,0.02,4.21,28.4
Grayson Greiner,Tigers,41,162,5,13,14,0,8.0 %,34.0 %,0.122,0.22699999999999998,0.17,0.24100000000000002,0.293,0.235,42,0.2,-11.5,0.5,-0.5,0.179,0.156,0.014000000000000012,0.17,0.0,0.265,0.23,0.027999999999999997,0.008,4.51,26.9
Travis Shaw,Brewers,44,170,4,14,9,0,12.4 %,31.8 %,0.11599999999999999,0.23600000000000002,0.17,0.282,0.28600000000000003,0.253,52,-1.7,-12.2,-0.7,-0.7,0.174,0.153,0.017000000000000015,0.19,-0.02,0.33,0.28,-0.044000000000000004,-0.024,4.5,25.5
Martin Maldonado,Royals,49,173,2,13,7,0,9.2 %,22.0 %,0.07200000000000001,0.259,0.204,0.297,0.276,0.261,59,-1.5,-10.4,4.6,0.0,0.207,0.151,0.05299999999999999,0.207,-0.002,0.32799999999999996,0.28300000000000003,-0.052000000000000005,-0.02,4.87,24.2
Chris Taylor,Dodgers,61,180,5,17,21,4,8.3 %,26.7 %,0.18,0.284,0.22399999999999998,0.292,0.40399999999999997,0.292,83,0.8,-3.0,0.2,0.3,0.232,0.151,0.07299999999999998,0.192,0.026000000000000002,0.304,0.249,0.09,0.040999999999999995,4.26,28.8
Ty France,Padres,34,107,2,8,10,0,3.7 %,23.4 %,0.122,0.292,0.235,0.29,0.35700000000000004,0.28,74,-2.5,-6.1,0.6,-0.2,0.234,0.149,0.086,0.217,0.018000000000000002,0.359,0.28,-0.002,0.004,4.73,25.7
Mallex Smith,Mariners,47,196,3,24,16,16,8.7 %,28.1 %,0.107,0.28300000000000003,0.209,0.281,0.316,0.262,66,4.4,-3.9,-6.8,-0.4,0.197,0.144,0.065,0.212,-0.002,0.28300000000000003,0.263,0.032,0.004,4.02,29.1
Leonys Martin,Indians,56,231,7,28,15,3,7.8 %,30.3 %,0.131,0.271,0.204,0.281,0.335,0.271,63,-0.2,-11.0,-2.3,-0.5,0.214,0.137,0.06699999999999998,0.193,0.013000000000000001,0.33299999999999996,0.26899999999999996,0.016,0.01,4.41,27.2
Richie Martin,Orioles,51,148,3,13,7,4,6.1 %,32.4 %,0.133,0.25,0.17800000000000002,0.24,0.311,0.24,45,-1.2,-11.4,-0.1,-0.6,0.172,0.136,0.04200000000000001,0.192,-0.01,0.27899999999999997,0.24,0.035,0.006,4.26,29.5
Chris Owings,Royals,41,145,2,9,9,4,5.5 %,37.9 %,0.08900000000000001,0.205,0.133,0.193,0.222,0.18600000000000003,8,0.7,-16.0,4.2,-0.7,0.133,0.135,-0.0020000000000000018,0.17300000000000001,-0.04,0.266,0.22399999999999998,-0.044000000000000004,-0.036000000000000004,4.26,28.1
Juan Lagares,Mets,55,124,2,16,13,2,7.3 %,27.4 %,0.09,0.25,0.18899999999999997,0.26,0.27899999999999997,0.233,46,0.0,-8.6,-1.1,-0.6,0.183,0.13,0.05899999999999997,0.185,0.004,0.272,0.237,0.006999999999999999,-0.001,4.31,28.1
Jeff Mathis,Rangers,35,109,1,10,4,0,8.3 %,27.5 %,0.051,0.203,0.152,0.22,0.20199999999999999,0.193,7,0.2,-12.5,0.4,-0.8,0.143,0.115,0.03699999999999999,0.156,-0.004,0.225,0.20800000000000002,-0.023,-0.013000000000000001,4.59,25.7
